자치구,법정동,시작일,종료일,상태,계열,지정방식,면적기준_㎡,구역면적_㎢,공고건수,근거공고
강남구,개포동,2024-08-13,2024-12-31,지정,국제교류복합지구,동전체,60,2.74,1,시보20240808_p4-7
강남구,개포동,2025-01-01,2026-08-17,불명,,,,,0,
강남구,개포동,2026-08-18,2026-12-31,지정,신규주택공급후보지,동전체,60,3.11,1,국토교통부공고제2026-1079호(토지거래허가구역 지정 공고)
강남구,대치동,2020-06-23,2025-06-22,지정,국제교류복합지구,동전체,18→6,9.2,5,시보2020호3590_p105-107|시보20210609_p356-358|시보20220616_p3-5|시보20230614_p532-534|시보20240613_p3-5
강남구,삼성동,2020-06-23,2025-06-22,지정,국제교류복합지구,동전체,18→6,9.2,5,시보2020호3590_p105-107|시보20210609_p356-358|시보20220616_p3-5|시보20230614_p532-534|시보20240613_p3-5
강남구,세곡동,2024-08-13,2024-12-31,지정,국제교류복합지구,동전체,60,2.74,1,시보20240808_p4-7
강남구,세곡동,2025-01-01,2026-08-17,불명,,,,,0,
강남구,세곡동,2026-08-18,2026-12-31,지정,신규주택공급후보지,동전체,60,3.11,1,국토교통부공고제2026-1079호(토지거래허가구역 지정 공고)
강남구,수서동,2024-08-13,2024-12-31,지정,국제교류복합지구,동전체,60,2.74,1,시보20240808_p4-7
강남구,수서동,2025-01-01,2026-08-17,불명,,,,,0,
강남구,수서동,2026-08-18,2026-12-31,지정,신규주택공급후보지,동전체,60,3.11,1,국토교통부공고제2026-1079호(토지거래허가구역 지정 공고)
강남구,압구정동,2021-04-27,2026-04-26,지정,모아타운|신속통합기획|정비사업후보지|주요재건축단지,동전체,18→6,1.149476,5,시보20210422_p253-257|시보20220420_p356-360|시보20230419_p263-267|시보20240418_p342-346|시보20250409_p451-469
강남구,율현동,2024-08-13,2024-12-31,지정,국제교류복합지구,동전체,60,2.74,1,시보20240808_p4-7
강남구,율현동,2025-01-01,2025-03-23,불명,,,,,0,
강남구,율현동,2025-03-24,2025-09-30,지정,국제교류복합지구|주요재건축단지,동전체,6,32.14,1,시보20250319_p3-8
강남구,율현동,2025-10-01,2026-08-17,불명,,,,,0,
강남구,율현동,2026-08-18,2026-12-31,지정,신규주택공급후보지,동전체,60,3.11,1,국토교통부공고제2026-1079호(토지거래허가구역 지정 공고)
강남구,일원동,2022-01-29,2023-01-28,지정,미분류,일부,18,0.053922,2,시보20220124_p7-53
강남구,일원동,2023-01-29,2024-08-12,불명,,,,,0,
강남구,일원동,2024-08-13,2024-12-31,지정,국제교류복합지구,동전체,60,2.74,1,시보20240808_p4-7
강남구,일원동,2025-01-01,2025-03-23,불명,,,,,0,
강남구,일원동,2025-03-24,2025-09-30,지정,국제교류복합지구|주요재건축단지,동전체,6,32.14,1,시보20250319_p3-8
강남구,일원동,2025-10-01,2026-08-17,불명,,,,,0,
강남구,일원동,2026-08-18,2026-12-31,지정,신규주택공급후보지,동전체,60,3.11,1,국토교통부공고제2026-1079호(토지거래허가구역 지정 공고)
강남구,자곡동,2024-08-13,2024-12-31,지정,국제교류복합지구,동전체,60,2.74,1,시보20240808_p4-7
강남구,자곡동,2025-01-01,2025-03-23,불명,,,,,0,
강남구,자곡동,2025-03-24,2025-09-30,지정,국제교류복합지구|주요재건축단지,동전체,6,32.14,1,시보20250319_p3-8
강남구,자곡동,2025-10-01,2026-08-17,불명,,,,,0,
강남구,자곡동,2026-08-18,2026-12-31,지정,신규주택공급후보지,동전체,60,3.11,1,국토교통부공고제2026-1079호(토지거래허가구역 지정 공고)
강남구,청담동,2020-06-23,2026-12-31,지정,공공재개발|국제교류복합지구|신속통합기획|정비사업후보지|주요재건축단지,동전체,18→6,39.5,7,시보2020호3590_p105-107|시보20210609_p356-358|시보20220616_p3-5|시보20230614_p532-534|시보20240613_p3-5|시보20250319_p3-8|시보20250925_
강동구,강일동,2024-08-13,2024-12-31,지정,국제교류복합지구,동전체,60,8.16,1,시보20240808_p4-7
강동구,고덕동,2024-08-13,2024-12-31,지정,국제교류복합지구,동전체,60,8.16,1,시보20240808_p4-7
강동구,길동,2024-08-13,2024-12-31,지정,국제교류복합지구,동전체,60,8.16,1,시보20240808_p4-7
강동구,둔촌동,2024-08-13,2029-09-09,지정,국제교류복합지구|모아타운|주요재건축단지,동전체,60→6,8.16,2,시보20240808_p4-7|시보20240905_p3-79
강동구,명일동,2023-01-26,2025-01-25,지정,공공재개발|국제교류복합지구|신속통합기획|정비사업후보지,혼합,6→60,8.16,3,시보20230118_p234-257|시보20240118_p119-141|시보20240808_p4-7
강동구,상일동,2024-08-13,2024-12-31,지정,국제교류복합지구,동전체,60,8.16,1,시보20240808_p4-7
강동구,암사동,2024-08-13,2024-12-31,지정,국제교류복합지구,동전체,60,8.16,1,시보20240808_p4-7
강동구,암사동,2025-01-01,2026-08-10,불명,,,,,0,
강동구,암사동,2026-08-11,2031-08-10,지정,공공재개발|모아타운|신규주택공급후보지|신속통합기획|정비사업후보지,혼합,6→60,7.49,2,국토교통부공고제2026-1079호(토지거래허가구역 지정 공고)|시보20260805_p377-447
강동구,천호동,2021-04-04,2029-09-09,지정,공공재개발|모아타운|신속통합기획|정비사업후보지|주요재건축단지,혼합,18→6,0.2,10,시보20210330_p16-33|시보20211228_p17-40|시보20220323_p91-108|시보20221223_p7-30|시보20230322_p181-205|시보20231220_p249-307|시보202403
강북구,미아동,2022-01-29,2026-01-28,지정,공공재개발|국제교류복합지구|미분류|신속통합기획|정비사업후보지|주요재건축단지,혼합,18→6→60→6,11.67,11,시보20220124_p7-53|시보20221230_p179-233|시보20230118_p234-257|시보20231220_p249-307|시보20240118_p119-141|시보20240320_p339-342|시보2
강북구,미안동,2026-08-18,2026-12-31,지정,신규주택공급후보지,동전체,60,11.91,1,국토교통부공고제2026-1079호(토지거래허가구역 지정 공고)
강북구,번동,2022-01-29,2024-01-03,지정,미분류|정비사업후보지|주요재건축단지,일부,18,0.032877,2,시보20220124_p7-53|시보20221230_p179-233
강북구,번동,2024-01-04,2024-04-03,불명,,,,,0,
강북구,번동,2024-04-04,2029-09-09,지정,공공재개발|모아타운|신속통합기획|정비사업후보지|주요재건축단지,혼합,6,0.82,2,시보20240320_p339-342|시보20240905_p3-79
강북구,수유동,2022-01-02,2029-09-09,지정,국제교류복합지구|모아타운|미분류|신규주택공급후보지|신속통합기획|정비사업후보지|주요재건축단지,혼합,18→6→60→6→60,11.91,8,국토교통부공고제2026-1079호(토지거래허가구역 지정 공고)|시보20211228_p17-40|시보20220124_p7-53|시보20221223_p7-30|시보20221230_p179-233|시보20231220_p2
강북구,우이동,2024-08-13,2024-12-31,지정,국제교류복합지구,동전체,60,11.67,1,시보20240808_p4-7
강북구,우이동,2025-01-01,2026-08-17,불명,,,,,0,
강북구,우이동,2026-08-18,2026-12-31,지정,신규주택공급후보지,동전체,60,11.91,1,국토교통부공고제2026-1079호(토지거래허가구역 지정 공고)
강서구,공항동,2024-09-10,2029-09-09,지정,모아타운|주요재건축단지,동전체,6,1.38,2,시보20240905_p3-79|시보20240925_p538-545
강서구,등촌동,2024-09-10,2029-09-09,지정,모아타운|주요재건축단지,동전체,6,1.38,2,시보20240905_p3-79|시보20240925_p538-545
강서구,방화동,2022-01-02,2024-01-01,지정,정비사업후보지,일부,18,0.034906,2,시보20211228_p17-40|시보20221223_p7-30
강서구,방화동,2024-01-02,2024-09-09,불명,,,,,0,
강서구,방화동,2024-09-10,2029-09-09,지정,공공재개발|모아타운|신속통합기획|정비사업후보지|주요재건축단지,혼합,6,1.38,3,시보20240905_p3-79|시보20240925_p538-545|시보20241218_p364-437
강서구,오곡동,2020-12-26,2024-12-25,지정,미분류,동전체,180→60,0.02,4,국토교통부공고제2020-1632호(토지거래허가구역 재지정)|국토교통부공고제2021-1805호(토지거래허가구역  재지정 공고)|국토교통부공고제2022-1566호(토지거래허가구역 재지정 공고)|국토교통부공고제2023-1
강서구,오곡동,2024-12-26,2026-08-17,불명,,,,,0,
강서구,오곡동,2026-08-18,2026-12-31,지정,신규주택공급후보지,동전체,60,15.59,1,국토교통부공고제2026-1079호(토지거래허가구역 지정 공고)
강서구,오쇠동,2024-08-13,2024-12-31,지정,국제교류복합지구,동전체,60,18.91,1,시보20240808_p4-7
강서구,오쇠동,2025-01-01,2026-08-17,불명,,,,,0,
강서구,오쇠동,2026-08-18,2026-12-31,지정,신규주택공급후보지,동전체,60,15.59,1,국토교통부공고제2026-1079호(토지거래허가구역 지정 공고)
강서구,외발산동,2024-08-13,2024-12-31,지정,국제교류복합지구,동전체,60,18.91,1,시보20240808_p4-7
강서구,외발산동,2025-01-01,2026-08-17,불명,,,,,0,
강서구,외발산동,2026-08-18,2026-12-31,지정,신규주택공급후보지,동전체,60,15.59,1,국토교통부공고제2026-1079호(토지거래허가구역 지정 공고)
강서구,화곡동,2024-09-10,2029-09-09,지정,모아타운|주요재건축단지,동전체,6,1.38,2,시보20240905_p3-79|시보20240925_p538-545
관악구,남현동,2024-08-13,2024-12-31,지정,국제교류복합지구,동전체,60,8.28,1,시보20240808_p4-7
관악구,남현동,2025-01-01,2026-08-17,불명,,,,,0,
관악구,남현동,2026-08-18,2026-12-31,지정,신규주택공급후보지,동전체,60,7.7,1,국토교통부공고제2026-1079호(토지거래허가구역 지정 공고)
관악구,봉천동,2024-01-26,2029-09-09,지정,공공재개발|국제교류복합지구|모아타운|신규주택공급후보지|신속통합기획|정비사업후보지|주요재건축단지,혼합,6→60→6→60,8.28,5,국토교통부공고제2026-1079호(토지거래허가구역 지정 공고)|시보20240118_p119-141|시보20240808_p4-7|시보20240905_p3-79|시보20241218_p364-437
관악구,신림동,2022-01-02,2029-09-09,지정,공공재개발|국제교류복합지구|모아타운|신규주택공급후보지|신속통합기획|정비사업후보지|주요재건축단지,혼합,18→6→60→6→60,8.28,10,국토교통부공고제2026-1079호(토지거래허가구역 지정 공고)|시보20211228_p17-40|시보20221223_p7-30|시보20221230_p179-233|시보20230322_p181-205|시보20240320
광진구,광장동,2024-08-13,2024-12-31,지정,국제교류복합지구,동전체,60,1.89,1,시보20240808_p4-7
광진구,광장동,2025-01-01,2026-08-17,불명,,,,,0,
광진구,광장동,2026-08-18,2026-12-31,지정,신규주택공급후보지,동전체,60,1.89,1,국토교통부공고제2026-1079호(토지거래허가구역 지정 공고)
광진구,구의동,2024-08-13,2024-12-31,지정,국제교류복합지구,동전체,60,1.89,1,시보20240808_p4-7
광진구,구의동,2025-01-01,2026-08-17,불명,,,,,0,
광진구,구의동,2026-08-18,2026-12-31,지정,신규주택공급후보지,동전체,60,1.89,1,국토교통부공고제2026-1079호(토지거래허가구역 지정 공고)
광진구,자양동,2022-01-29,2024-01-03,지정,미분류|정비사업후보지|주요재건축단지,일부,18,0.07139,3,시보20220124_p7-53|시보20221230_p179-233
광진구,자양동,2024-01-04,2024-09-09,불명,,,,,0,
광진구,자양동,2024-09-10,2029-09-09,지정,모아타운|주요재건축단지,동전체,6,0.38,1,시보20240905_p3-79
광진구,중곡동,2024-08-13,2024-12-31,지정,국제교류복합지구,동전체,60,1.89,1,시보20240808_p4-7
광진구,중곡동,2025-01-01,2026-08-17,불명,,,,,0,
광진구,중곡동,2026-08-18,2026-12-31,지정,신규주택공급후보지,동전체,60,1.89,1,국토교통부공고제2026-1079호(토지거래허가구역 지정 공고)
구로구,가리봉동,2022-01-29,2024-01-03,지정,미분류|정비사업후보지|주요재건축단지,일부,18,0.089079,3,시보20220124_p7-53|시보20221223_p7-30|시보20221230_p179-233
구로구,가리봉동,2024-01-04,2025-01-25,불명,,,,,0,
구로구,가리봉동,2025-01-26,2026-01-28,지정,공공재개발|신속통합기획|정비사업후보지|주요재건축단지,일부,6,,1,시보20241218_p364-437
구로구,개봉동,2023-01-04,2024-01-03,지정,정비사업후보지|주요재건축단지,일부,,,1,시보20221230_p179-233
구로구,개봉동,2024-01-04,2024-04-03,불명,,,,,0,
구로구,개봉동,2024-04-04,2029-09-09,지정,공공재개발|국제교류복합지구|모아타운|신규주택공급후보지|신속통합기획|정비사업후보지|주요재건축단지,혼합,6→60→6→60,3.54,4,국토교통부공고제2026-1079호(토지거래허가구역 지정 공고)|시보20240320_p339-342|시보20240808_p4-7|시보20240905_p3-79
구로구,고척동,2023-01-04,2029-09-09,지정,공공재개발|모아타운|신속통합기획|정비사업후보지|주요재건축단지,혼합,6,0.69,4,시보20221230_p179-233|시보20231220_p249-307|시보20240905_p3-79|시보20241218_p364-437
구로구,구로동,2024-09-10,2029-09-09,지정,모아타운|주요재건축단지,동전체,6,0.69,1,시보20240905_p3-79
구로구,궁동,2024-08-13,2024-12-31,지정,국제교류복합지구,동전체,60,3.43,1,시보20240808_p4-7
구로구,궁동,2025-01-01,2026-08-17,불명,,,,,0,
구로구,궁동,2026-08-18,2026-12-31,지정,신규주택공급후보지,동전체,60,3.54,1,국토교통부공고제2026-1079호(토지거래허가구역 지정 공고)
구로구,오류동,2023-01-04,2024-01-03,지정,정비사업후보지|주요재건축단지,일부,,,1,시보20221230_p179-233
구로구,오류동,2024-01-04,2024-04-03,불명,,,,,0,
구로구,오류동,2024-04-04,2025-04-03,지정,공공재개발|국제교류복합지구|신속통합기획|정비사업후보지,혼합,6→60,3.43,2,시보20240320_p339-342|시보20240808_p4-7
구로구,오류동,2025-04-04,2026-08-17,불명,,,,,0,
구로구,오류동,2026-08-18,2026-12-31,지정,신규주택공급후보지,동전체,60,3.54,1,국토교통부공고제2026-1079호(토지거래허가구역 지정 공고)
구로구,온수동,2024-08-13,2024-12-31,지정,국제교류복합지구,동전체,60,3.43,1,시보20240808_p4-7
구로구,온수동,2025-01-01,2026-08-17,불명,,,,,0,
구로구,온수동,2026-08-18,2026-12-31,지정,신규주택공급후보지,동전체,60,3.54,1,국토교통부공고제2026-1079호(토지거래허가구역 지정 공고)
구로구,천왕동,2024-08-13,2024-12-31,지정,국제교류복합지구,동전체,60,3.43,1,시보20240808_p4-7
구로구,천왕동,2025-01-01,2026-08-17,불명,,,,,0,
구로구,천왕동,2026-08-18,2026-12-31,지정,신규주택공급후보지,동전체,60,3.54,1,국토교통부공고제2026-1079호(토지거래허가구역 지정 공고)
구로구,항동,2024-08-13,2024-12-31,지정,국제교류복합지구,동전체,60,3.43,1,시보20240808_p4-7
구로구,항동,2025-01-01,2026-08-17,불명,,,,,0,
구로구,항동,2026-08-18,2026-12-31,지정,신규주택공급후보지,동전체,60,3.54,1,국토교통부공고제2026-1079호(토지거래허가구역 지정 공고)
금천구,독산동,2023-01-04,2024-01-03,지정,정비사업후보지|주요재건축단지,일부,,,1,시보20221230_p179-233
금천구,독산동,2024-01-04,2024-04-03,불명,,,,,0,
금천구,독산동,2024-04-04,2029-09-09,지정,공공재개발|모아타운|신속통합기획|정비사업후보지|주요재건축단지,혼합,6,0.62,3,시보20240320_p339-342|시보20240905_p3-79
금천구,시흥동,2022-01-02,2029-09-09,지정,공공재개발|국제교류복합지구|모아타운|신규주택공급후보지|신속통합기획|정비사업후보지|주요재건축단지,혼합,18→6→60→6→60,1.69,10,국토교통부공고제2026-1079호(토지거래허가구역 지정 공고)|시보20211228_p17-40|시보20221223_p7-30|시보20221230_p179-233|시보20230322_p181-205|시보20231220
노원구,공릉동,2024-08-13,2024-12-31,지정,국제교류복합지구,동전체,60,15.9,1,시보20240808_p4-7
노원구,공릉동,2025-01-01,2026-08-17,불명,,,,,0,
노원구,공릉동,2026-08-18,2026-12-31,지정,신규주택공급후보지,동전체,60,15.92,1,국토교통부공고제2026-1079호(토지거래허가구역 지정 공고)
노원구,상계동,2021-04-04,2029-09-09,지정,공공재개발|국제교류복합지구|모아타운|신규주택공급후보지|신속통합기획|정비사업후보지|주요재건축단지,혼합,18→6→60→6→60,15.92,11,국토교통부공고제2026-1079호(토지거래허가구역 지정 공고)|시보20210330_p16-33|시보20211228_p17-40|시보20220323_p91-108|시보20221223_p7-30|시보20230322_p1
노원구,월계동,2024-09-10,2029-09-09,지정,모아타운|주요재건축단지,동전체,6,0.69,1,시보20240905_p3-79
노원구,중계동,2024-08-13,2024-12-31,지정,국제교류복합지구,동전체,60,15.9,1,시보20240808_p4-7
노원구,중계동,2025-01-01,2026-08-17,불명,,,,,0,
노원구,중계동,2026-08-18,2026-12-31,지정,신규주택공급후보지,동전체,60,15.92,1,국토교통부공고제2026-1079호(토지거래허가구역 지정 공고)
노원구,하계동,2024-08-13,2024-12-31,지정,국제교류복합지구,동전체,60,15.9,1,시보20240808_p4-7
노원구,하계동,2025-01-01,2026-08-17,불명,,,,,0,
노원구,하계동,2026-08-18,2026-12-31,지정,신규주택공급후보지,동전체,60,15.92,1,국토교통부공고제2026-1079호(토지거래허가구역 지정 공고)
도봉구,도봉동,2024-08-13,2024-12-31,지정,국제교류복합지구,동전체,60,10.2,1,시보20240808_p4-7
도봉구,도봉동,2025-01-01,2026-08-17,불명,,,,,0,
도봉구,도봉동,2026-08-18,2026-12-31,지정,신규주택공급후보지,동전체,60,9.41,1,국토교통부공고제2026-1079호(토지거래허가구역 지정 공고)
도봉구,방학동,2022-01-29,2024-01-03,지정,미분류|정비사업후보지|주요재건축단지,일부,18,0.158618,3,시보20220124_p7-53|시보20221230_p179-233
도봉구,방학동,2024-01-04,2024-04-03,불명,,,,,0,
도봉구,방학동,2024-04-04,2029-09-09,지정,공공재개발|국제교류복합지구|모아타운|신규주택공급후보지|신속통합기획|정비사업후보지|주요재건축단지,혼합,6→60→6→60,10.2,4,국토교통부공고제2026-1079호(토지거래허가구역 지정 공고)|시보20240320_p339-342|시보20240808_p4-7|시보20240905_p3-79
도봉구,쌍문동,2022-01-02,2029-09-09,지정,공공재개발|국제교류복합지구|모아타운|신규주택공급후보지|신속통합기획|정비사업후보지|주요재건축단지,혼합,18→6→60→6→60,10.2,8,국토교통부공고제2026-1079호(토지거래허가구역 지정 공고)|시보20211228_p17-40|시보20221223_p7-30|시보20221230_p179-233|시보20230322_p181-205|시보20240320
도봉구,창동,2022-01-29,2023-01-28,지정,미분류,일부,18,0.176235,1,시보20220124_p7-53
도봉구,창동,2023-01-29,2024-04-03,불명,,,,,0,
도봉구,창동,2024-04-04,2029-09-09,지정,공공재개발|모아타운|신속통합기획|정비사업후보지|주요재건축단지,혼합,6,0.58,2,시보20240320_p339-342|시보20240905_p3-79
동대문구,답십리동,2023-01-04,2024-01-03,지정,정비사업후보지|주요재건축단지,일부,,,1,시보20221230_p179-233
동대문구,답십리동,2024-01-04,2024-09-09,불명,,,,,0,
동대문구,답십리동,2024-09-10,2029-09-09,지정,모아타운|주요재건축단지,동전체,6,0.08,2,시보20240905_p3-79|시보20240925_p538-545
동대문구,신설동,2024-01-26,2026-01-28,지정,공공재개발|신속통합기획|정비사업후보지|주요재건축단지,일부,6,0.011204,2,시보20240118_p119-141|시보20241218_p364-437
동대문구,용두동,2023-01-04,2024-01-03,지정,정비사업후보지|주요재건축단지,일부,,,1,시보20221230_p179-233
동대문구,용두동,2024-01-04,2024-01-25,불명,,,,,0,
동대문구,용두동,2024-01-26,2026-01-28,지정,공공재개발|신속통합기획|정비사업후보지|주요재건축단지,일부,6,0.02078,2,시보20240118_p119-141|시보20241218_p364-437
동대문구,이문동,2024-09-10,2029-09-09,지정,주요재건축단지,동전체,6,0.08,1,시보20240925_p538-545
동대문구,전농동,2021-04-04,2026-01-28,지정,공공재개발|미분류|신속통합기획|정비사업후보지|주요재건축단지,일부,18→6,0.044878,9,시보20210330_p16-33|시보20220124_p7-53|시보20220323_p91-108|시보20221230_p179-233|시보20230118_p234-257|시보20230322_p181-205|시보2023
동대문구,청량리동,2022-01-02,2024-01-01,지정,정비사업후보지,일부,18,0.027981,2,시보20211228_p17-40|시보20221223_p7-30
동대문구,청량리동,2024-01-02,2025-01-25,불명,,,,,0,
동대문구,청량리동,2025-01-26,2026-01-28,지정,공공재개발|신속통합기획|정비사업후보지|주요재건축단지,일부,6,,1,시보20241218_p364-437
동대문구,휘경동,2022-01-29,2024-01-03,지정,미분류|정비사업후보지|주요재건축단지,일부,18,0.078953,2,시보20220124_p7-53|시보20221230_p179-233
동작구,노량진동,2024-09-10,2029-09-09,지정,모아타운|주요재건축단지,동전체,6,0.35,1,시보20240905_p3-79
동작구,본동,2021-04-04,2025-04-03,지정,공공재개발|신속통합기획|정비사업후보지,일부,18→6,0.051696,4,시보20210330_p16-33|시보20220323_p91-108|시보20230322_p181-205|시보20240320_p339-342
동작구,사당동,2023-01-04,2024-01-03,지정,정비사업후보지|주요재건축단지,일부,,,2,시보20221230_p179-233
동작구,사당동,2024-01-04,2024-09-09,불명,,,,,0,
동작구,사당동,2024-09-10,2029-09-09,지정,모아타운|주요재건축단지,동전체,6,0.35,1,시보20240905_p3-79
동작구,상도동,2022-01-02,2029-09-09,지정,공공재개발|모아타운|신속통합기획|정비사업후보지|주요재건축단지,혼합,18→6,0.35,7,시보20211228_p17-40|시보20221223_p7-30|시보20221230_p179-233|시보20231220_p249-307|시보20240905_p3-79|시보20241218_p364-437
동작구,흑석동,2023-01-04,2024-01-03,지정,정비사업후보지|주요재건축단지,일부,,,1,시보20221230_p179-233
동작구,흑석동,2024-01-04,2024-01-25,불명,,,,,0,
동작구,흑석동,2024-01-26,2026-01-28,지정,공공재개발|신속통합기획|정비사업후보지|주요재건축단지,일부,6,0.045229,2,시보20240118_p119-141|시보20241218_p364-437
마포구,공덕동,2022-01-02,2024-01-01,지정,정비사업후보지,일부,18,0.08232,2,시보20211228_p17-40|시보20221223_p7-30
마포구,공덕동,2024-01-02,2025-01-25,불명,,,,,0,
마포구,공덕동,2025-01-26,2026-01-28,지정,공공재개발|신속통합기획|정비사업후보지|주요재건축단지,일부,6,,1,시보20241218_p364-437
마포구,대흥동,2022-01-29,2029-09-09,지정,공공재개발|모아타운|미분류|신속통합기획|정비사업후보지|주요재건축단지,혼합,18→6,0.74,5,시보20220124_p7-53|시보20230118_p234-257|시보20240118_p119-141|시보20240320_p339-342|시보20240905_p3-79
마포구,망원동,2022-01-29,2024-01-03,지정,미분류|정비사업후보지|주요재건축단지,일부,18,0.076258,2,시보20220124_p7-53|시보20221230_p179-233
마포구,망원동,2024-01-04,2024-09-09,불명,,,,,0,
마포구,망원동,2024-09-10,2029-09-09,지정,모아타운|주요재건축단지,동전체,6,0.74,1,시보20240905_p3-79
마포구,상암동,2024-08-13,2024-12-31,지정,국제교류복합지구,동전체,60,0.08,1,시보20240808_p4-7
마포구,상암동,2025-01-01,2026-08-17,불명,,,,,0,
마포구,상암동,2026-08-18,2026-12-31,지정,신규주택공급후보지,동전체,60,0.09,1,국토교통부공고제2026-1079호(토지거래허가구역 지정 공고)
마포구,성산동,2024-09-10,2029-09-09,지정,모아타운|주요재건축단지,동전체,6,0.74,1,시보20240905_p3-79
마포구,용강동,2024-09-10,2029-09-09,지정,모아타운|주요재건축단지,동전체,6,0.74,1,시보20240905_p3-79
마포구,중동,2024-09-10,2029-09-09,지정,모아타운|주요재건축단지,동전체,6,0.74,1,시보20240905_p3-79
마포구,합정동,2024-09-10,2029-09-09,지정,모아타운|주요재건축단지,동전체,6,0.74,1,시보20240905_p3-79
서대문구,남가좌동,2023-01-04,2024-01-03,지정,정비사업후보지|주요재건축단지,일부,,,1,시보20221230_p179-233
서대문구,연희동,2021-04-04,2025-04-03,지정,공공재개발|신속통합기획|정비사업후보지,일부,18→6,0.049745,4,시보20210330_p16-33|시보20220323_p91-108|시보20230322_p181-205|시보20240320_p339-342
서대문구,옥천동,2024-09-10,2029-09-09,지정,모아타운|주요재건축단지,동전체,6,0.1,1,시보20240905_p3-79
서대문구,천연동,2024-09-10,2029-09-09,지정,모아타운|주요재건축단지,동전체,6,0.1,1,시보20240905_p3-79
서대문구,충정로3가,2021-04-04,2025-04-03,지정,공공재개발|신속통합기획|정비사업후보지,일부,18→6,0.008075,4,시보20210330_p16-33|시보20220323_p91-108|시보20230322_p181-205|시보20240320_p339-342
서대문구,현저동,2024-09-10,2029-09-09,지정,모아타운|주요재건축단지,동전체,6,0.1,1,시보20240905_p3-79
서대문구,홍은동,2021-04-04,2025-04-03,지정,공공재개발|국제교류복합지구|신속통합기획|정비사업후보지,혼합,18→6→60,1.78,9,시보20210330_p16-33|시보20211228_p17-40|시보20220323_p91-108|시보20221223_p7-30|시보20230322_p181-205|시보20240320_p339-342|시보202408
서대문구,홍은동,2025-04-04,2026-08-17,불명,,,,,0,
서대문구,홍은동,2026-08-18,2026-12-31,지정,신규주택공급후보지,동전체,60,1.67,1,국토교통부공고제2026-1079호(토지거래허가구역 지정 공고)
서대문구,홍제동,2023-01-04,2024-01-03,지정,정비사업후보지|주요재건축단지,일부,,,1,시보20221230_p179-233
서대문구,홍제동,2024-01-04,2024-08-12,불명,,,,,0,
서대문구,홍제동,2024-08-13,2029-09-09,지정,국제교류복합지구|모아타운|신규주택공급후보지|주요재건축단지,동전체,60→6→60,1.78,3,국토교통부공고제2026-1079호(토지거래허가구역 지정 공고)|시보20240808_p4-7|시보20240905_p3-79
서초구,내곡동,2024-08-13,2024-12-31,지정,국제교류복합지구,동전체,60,5.95,1,시보20240808_p4-7
서초구,내곡동,2025-01-01,2026-08-17,불명,,,,,0,
서초구,내곡동,2026-08-18,2026-12-31,지정,신규주택공급후보지,동전체,60,2.31,1,국토교통부공고제2026-1079호(토지거래허가구역 지정 공고)
서초구,방배동,2024-08-13,2024-12-31,지정,국제교류복합지구,동전체,60,5.95,1,시보20240808_p4-7
서초구,방배동,2025-01-01,2026-08-17,불명,,,,,0,
서초구,방배동,2026-08-18,2026-12-31,지정,신규주택공급후보지,동전체,60,2.31,1,국토교통부공고제2026-1079호(토지거래허가구역 지정 공고)
서초구,신원동,2024-08-13,2024-12-31,지정,국제교류복합지구,동전체,60,5.95,1,시보20240808_p4-7
서초구,신원동,2025-01-01,2026-08-17,불명,,,,,0,
서초구,신원동,2026-08-18,2026-12-31,지정,신규주택공급후보지,동전체,60,2.31,1,국토교통부공고제2026-1079호(토지거래허가구역 지정 공고)
서초구,양재동,2025-03-24,2025-09-30,지정,국제교류복합지구|주요재건축단지,동전체,6,25.46,1,시보20250319_p3-8
서초구,염곡동,2024-08-13,2024-12-31,지정,국제교류복합지구,동전체,60,5.95,1,시보20240808_p4-7
서초구,염곡동,2025-01-01,2025-03-23,불명,,,,,0,
서초구,염곡동,2025-03-24,2025-09-30,지정,국제교류복합지구|주요재건축단지,동전체,6,25.46,1,시보20250319_p3-8
서초구,염곡동,2025-10-01,2026-08-17,불명,,,,,0,
서초구,염곡동,2026-08-18,2026-12-31,지정,신규주택공급후보지,동전체,60,2.31,1,국토교통부공고제2026-1079호(토지거래허가구역 지정 공고)
서초구,우면동,2024-08-13,2024-12-31,지정,국제교류복합지구,동전체,60,5.95,1,시보20240808_p4-7
서초구,우면동,2025-01-01,2025-03-23,불명,,,,,0,
서초구,우면동,2025-03-24,2025-09-30,지정,국제교류복합지구|주요재건축단지,동전체,6,25.46,1,시보20250319_p3-8
서초구,우면동,2025-10-01,2026-08-17,불명,,,,,0,
서초구,우면동,2026-08-18,2026-12-31,지정,신규주택공급후보지,동전체,60,2.31,1,국토교통부공고제2026-1079호(토지거래허가구역 지정 공고)
서초구,원지동,2024-08-13,2024-12-31,지정,국제교류복합지구,동전체,60,5.95,1,시보20240808_p4-7
서초구,원지동,2025-01-01,2025-03-23,불명,,,,,0,
서초구,원지동,2025-03-24,2025-09-30,지정,국제교류복합지구|주요재건축단지,동전체,6,25.46,1,시보20250319_p3-8
서초구,원지동,2025-10-01,2026-08-17,불명,,,,,0,
서초구,원지동,2026-08-18,2026-12-31,지정,신규주택공급후보지,동전체,60,2.31,1,국토교통부공고제2026-1079호(토지거래허가구역 지정 공고)
서초구,잠원동,2025-03-24,2025-09-30,지정,국제교류복합지구|주요재건축단지,동전체,6,25.46,1,시보20250319_p3-8
성동구,금호동1가,2024-09-10,2029-09-09,지정,모아타운|주요재건축단지,동전체,6,0.23,1,시보20240905_p3-79
성동구,금호동4가,2021-04-04,2025-04-03,지정,공공재개발|신속통합기획|정비사업후보지,일부,18→6,0.030706,4,시보20210330_p16-33|시보20220323_p91-108|시보20230322_p181-205|시보20240320_p339-342
성동구,마장동,2022-01-02,2024-01-01,지정,정비사업후보지,일부,18,0.018749,2,시보20211228_p17-40|시보20221223_p7-30
성동구,마장동,2024-01-02,2024-09-09,불명,,,,,0,
성동구,마장동,2024-09-10,2029-09-09,지정,공공재개발|모아타운|신속통합기획|정비사업후보지|주요재건축단지,혼합,6,0.23,2,시보20240905_p3-79|시보20241218_p364-437
성동구,사근동,2023-01-04,2024-01-03,지정,정비사업후보지|주요재건축단지,일부,,,2,시보20221230_p179-233
성동구,사근동,2024-01-04,2024-09-09,불명,,,,,0,
성동구,사근동,2024-09-10,2029-09-09,지정,모아타운|주요재건축단지,동전체,6,0.23,1,시보20240905_p3-79
성동구,성수동1가,2021-04-27,2026-04-26,지정,모아타운|신속통합기획|정비사업후보지|주요재건축단지,동전체,18→6,0.530399,5,시보20210422_p253-257|시보20220420_p356-360|시보20230419_p263-267|시보20240418_p342-346|시보20250409_p451-469
성동구,성수동2가,2021-04-27,2026-04-26,지정,모아타운|신속통합기획|정비사업후보지|주요재건축단지,동전체,18→6,0.530399,5,시보20210422_p253-257|시보20220420_p356-360|시보20230419_p263-267|시보20240418_p342-346|시보20250409_p451-469
성동구,송정동,2024-09-10,2029-09-09,지정,모아타운|주요재건축단지,동전체,6,0.23,1,시보20240905_p3-79
성동구,행당동,2023-01-04,2024-01-03,지정,정비사업후보지|주요재건축단지,일부,,,1,시보20221230_p179-233
성동구,행당동,2024-01-04,2024-09-09,불명,,,,,0,
성동구,행당동,2024-09-10,2029-09-09,지정,모아타운|주요재건축단지,동전체,6,0.23,1,시보20240905_p3-79
성북구,돈암동,2024-09-10,2029-09-09,지정,모아타운|주요재건축단지,동전체,6,0.3,2,시보20240905_p3-79|시보20240925_p538-545
성북구,삼선동1가,2022-01-29,2024-01-03,지정,미분류|정비사업후보지|주요재건축단지,일부,18,0.0447,2,시보20220124_p7-53|시보20221230_p179-233
성북구,석관동,2022-01-29,2024-01-03,지정,미분류|정비사업후보지|주요재건축단지,일부,18,0.061649,2,시보20220124_p7-53|시보20221230_p179-233
성북구,석관동,2024-01-04,2024-09-09,불명,,,,,0,
성북구,석관동,2024-09-10,2031-08-10,지정,공공재개발|모아타운|신속통합기획|정비사업후보지|주요재건축단지,혼합,6,0.3,2,시보20240905_p3-79|시보20260805_p377-447
성북구,성북동,2021-04-04,2026-01-28,지정,공공재개발|국제교류복합지구|신속통합기획|정비사업후보지|주요재건축단지,혼합,18→6→60→6,5.31,7,시보20210330_p16-33|시보20220323_p91-108|시보20230322_p181-205|시보20231220_p249-307|시보20240320_p339-342|시보20240808_p4-7|시보20241
성북구,성북동,2026-01-29,2026-08-17,불명,,,,,0,
성북구,성북동,2026-08-18,2026-12-31,지정,신규주택공급후보지,동전체,60,5.45,1,국토교통부공고제2026-1079호(토지거래허가구역 지정 공고)
성북구,장위동,2021-04-04,2025-04-03,지정,공공재개발|신속통합기획|정비사업후보지,일부,18→6,0.116402,8,시보20210330_p16-33|시보20220323_p91-108|시보20230322_p181-205|시보20240320_p339-342
성북구,정릉동,2022-01-29,2024-01-03,지정,미분류|정비사업후보지|주요재건축단지,일부,18,0.022598,2,시보20220124_p7-53|시보20221230_p179-233
성북구,정릉동,2024-01-04,2024-08-12,불명,,,,,0,
성북구,정릉동,2024-08-13,2029-09-09,지정,국제교류복합지구|모아타운|신규주택공급후보지|주요재건축단지,동전체,60→6→60,5.45,4,국토교통부공고제2026-1079호(토지거래허가구역 지정 공고)|시보20240808_p4-7|시보20240905_p3-79|시보20240925_p538-545
성북구,종암동,2023-01-04,2029-09-09,지정,공공재개발|모아타운|신속통합기획|정비사업후보지|주요재건축단지,혼합,6,0.3,4,시보20221230_p179-233|시보20231220_p249-307|시보20240905_p3-79|시보20241218_p364-437
성북구,하월곡동,2022-01-02,2024-01-01,지정,정비사업후보지,일부,18,0.079756,2,시보20211228_p17-40|시보20221223_p7-30
성북구,하월곡동,2024-01-02,2025-01-25,불명,,,,,0,
성북구,하월곡동,2025-01-26,2026-01-28,지정,공공재개발|신속통합기획|정비사업후보지|주요재건축단지,일부,6,,1,시보20241218_p364-437
송파구,거여동,2021-04-04,2025-04-03,지정,공공재개발|신속통합기획|정비사업후보지,일부,18→6,0.073423,4,시보20210330_p16-33|시보20220323_p91-108|시보20230322_p181-205|시보20240320_p339-342
송파구,마천동,2022-01-02,2024-01-03,지정,미분류|정비사업후보지|주요재건축단지,일부,18,0.106101,4,시보20211228_p17-40|시보20220124_p7-53|시보20221223_p7-30|시보20221230_p179-233
송파구,마천동,2024-01-04,2024-08-12,불명,,,,,0,
송파구,마천동,2024-08-13,2029-11-09,지정,공공재개발|미분류|신규주택공급후보지|신속통합기획|자연녹지|정비사업후보지|주요재건축단지,혼합,60→6→60,0.96,4,국토교통부공고제2024-1140호(토지거래허가구역 지정 공고)|국토교통부공고제2024-1506호(토지거래허가구역 지정 및 해제 공고)|국토교통부공고제2026-1079호(토지거래허가구역 지정 공고)|시보20241218
송파구,방이동,2024-08-13,2029-11-09,지정,미분류|신규주택공급후보지|자연녹지,동전체,60,1.54,3,국토교통부공고제2024-1140호(토지거래허가구역 지정 공고)|국토교통부공고제2024-1506호(토지거래허가구역 지정 및 해제 공고)|국토교통부공고제2026-1079호(토지거래허가구역 지정 공고)
송파구,송파동,2023-01-26,2025-01-25,지정,공공재개발|신속통합기획|정비사업후보지,일부,6,0.06237,2,시보20230118_p234-257|시보20240118_p119-141
송파구,신천동,2022-01-29,2025-01-25,지정,공공재개발|미분류|신속통합기획|정비사업후보지,일부,18→6,0.343266,3,시보20220124_p7-53|시보20230118_p234-257|시보20240118_p119-141
송파구,오금동,2024-08-13,2029-11-09,지정,미분류|신규주택공급후보지|자연녹지,동전체,60,0.93,3,국토교통부공고제2024-1140호(토지거래허가구역 지정 공고)|국토교통부공고제2024-1506호(토지거래허가구역 지정 및 해제 공고)|국토교통부공고제2026-1079호(토지거래허가구역 지정 공고)
송파구,잠실동,2020-06-23,2025-09-30,지정,국제교류복합지구|주요재건축단지,동전체,18→6,32.52,6,시보2020호3590_p105-107|시보20210609_p356-358|시보20220616_p3-5|시보20230614_p532-534|시보20240613_p3-5|시보20250319_p3-8
송파구,장지동,2025-03-24,2025-09-30,지정,국제교류복합지구|주요재건축단지,동전체,6,32.52,1,시보20250319_p3-8
송파구,풍납동,2024-09-10,2029-09-09,지정,국제교류복합지구|모아타운|주요재건축단지,동전체,6,32.52,2,시보20240905_p3-79|시보20250319_p3-8
양천구,목동,2021-04-27,2029-09-09,지정,모아타운|신속통합기획|정비사업후보지|주요재건축단지,혼합,18→6,2.28213,8,시보20210422_p253-257|시보20220420_p356-360|시보20221230_p179-233|시보20230419_p263-267|시보20240418_p342-346|시보20240905_p3-79|시보2
양천구,신월7동,2021-04-04,2025-04-03,지정,공공재개발|신속통합기획|정비사업후보지,일부,18→6,0.090346,4,시보20210330_p16-33|시보20220323_p91-108|시보20230322_p181-205|시보20240320_p339-342
양천구,신월동,2023-12-26,2029-09-09,지정,공공재개발|국제교류복합지구|모아타운|신규주택공급후보지|신속통합기획|정비사업후보지|주요재건축단지,혼합,6→60→6→60,0.99,6,국토교통부공고제2026-1079호(토지거래허가구역 지정 공고)|시보20231220_p249-307|시보20240808_p4-7|시보20240905_p3-79|시보20240925_p538-545|시보20241218_p
양천구,신정동,2022-01-29,2025-01-25,지정,공공재개발|국제교류복합지구|미분류|신속통합기획|정비사업후보지,혼합,18→6→60,0.99,4,시보20220124_p7-53|시보20230118_p234-257|시보20240118_p119-141|시보20240808_p4-7
양천구,신정동,2025-01-26,2025-04-26,불명,,,,,0,
양천구,신정동,2025-04-27,2026-04-26,지정,모아타운|신속통합기획|정비사업후보지|주요재건축단지,동전체,6,2.28213,1,시보20250409_p451-469
양천구,신정동,2026-04-27,2026-08-17,불명,,,,,0,
양천구,신정동,2026-08-18,2026-12-31,지정,신규주택공급후보지,동전체,60,0.97,1,국토교통부공고제2026-1079호(토지거래허가구역 지정 공고)
영등포구,당산동6가,2022-01-02,2024-01-01,지정,정비사업후보지,일부,18,0.031299,2,시보20211228_p17-40|시보20221223_p7-30
영등포구,당산동6가,2024-01-02,2025-01-25,불명,,,,,0,
영등포구,당산동6가,2025-01-26,2026-01-28,지정,공공재개발|신속통합기획|정비사업후보지|주요재건축단지,일부,6,,1,시보20241218_p364-437
영등포구,대림동,2022-01-29,2024-01-03,지정,미분류|정비사업후보지|주요재건축단지,일부,18,0.038465,2,시보20220124_p7-53|시보20221230_p179-233
영등포구,신길동,2021-04-04,2025-04-03,지정,공공재개발|미분류|신속통합기획|정비사업후보지,일부,18→6,0.059379,7,시보20210330_p16-33|시보20220124_p7-53|시보20220323_p91-108|시보20230118_p234-257|시보20230322_p181-205|시보20240118_p119-141|시보2024
영등포구,양평동2가,2024-01-26,2026-01-28,지정,공공재개발|신속통합기획|정비사업후보지|주요재건축단지,일부,6,0.022441,4,시보20240118_p119-141|시보20241218_p364-437
영등포구,양평동6가,2023-01-04,2024-01-03,지정,정비사업후보지|주요재건축단지,일부,,,1,시보20221230_p179-233
영등포구,여의도동,2021-04-27,2026-04-26,지정,모아타운|신속통합기획|정비사업후보지|주요재건축단지,동전체,18→6,0.616034,5,시보20210422_p253-257|시보20220420_p356-360|시보20230419_p263-267|시보20240418_p342-346|시보20250409_p451-469
용산구,산천동,2024-09-10,2029-09-09,지정,모아타운|주요재건축단지,동전체,6,0.07,1,시보20240905_p3-79
용산구,서계동,2022-01-29,2024-01-03,지정,미분류|정비사업후보지|주요재건축단지,일부,18,0.099934,2,시보20220124_p7-53|시보20221230_p179-233
용산구,서계동,2024-01-04,2024-09-09,불명,,,,,0,
용산구,서계동,2024-09-10,2029-09-09,지정,모아타운|주요재건축단지,동전체,6,0.07,1,시보20240905_p3-79
용산구,용산동3가,2020-05-20,2021-05-19,지정,용산정비창|자연녹지,동전체,18,0.01,1,국토교통부공고제2020-657호(토지거래허가구역 지정)
용산구,용산동3가,2021-05-20,2022-05-19,불명,,,,,0,
용산구,용산동3가,2022-05-20,2024-05-19,지정,용산정비창,동전체,6,0.01,2,국토교통부공고제2022-532호(토지거래허가구역 재지정 공고)|국토교통부공고제2023-487호(토지거래허가구역 재지정 공고)
용산구,용산동3가,2024-05-20,2025-12-31,불명,,,,,0,
용산구,용산동3가,2026-01-01,2026-12-31,지정,용산정비창,동전체,6,0.72,1,국토교통부공고제2025-1583호(토지거래허가구역 재지정 공고문)
용산구,원효로3가,2022-01-29,2024-01-03,지정,미분류|정비사업후보지|주요재건축단지,일부,18,0.038138,2,시보20220124_p7-53|시보20221230_p179-233
용산구,원효로4가,2024-09-10,2029-09-09,지정,모아타운|용산정비창|주요재건축단지,동전체,6,0.72,2,국토교통부공고제2025-1583호(토지거래허가구역 재지정 공고문)|시보20240905_p3-79
용산구,이촌동,2020-05-20,2025-12-31,지정,미분류|용산정비창|자연녹지,동전체,18→6,0.72,5,국토교통부공고제2020-657호(토지거래허가구역 지정)|국토교통부공고제2021-658호(토지거래허가구역 재지정 공고)|국토교통부공고제2022-532호(토지거래허가구역 재지정 공고)|국토교통부공고제2023-487호(토
용산구,이태원동,2022-01-29,2024-01-03,지정,미분류|정비사업후보지|주요재건축단지,일부,18,0.058529,3,시보20220124_p7-53|시보20221230_p179-233
용산구,청파동1가,2023-01-02,2024-01-01,지정,정비사업후보지,일부,,0.083788,1,시보20221223_p7-30
용산구,청파동1가,2024-01-02,2025-01-25,불명,,,,,0,
용산구,청파동1가,2025-01-26,2026-01-28,지정,공공재개발|신속통합기획|정비사업후보지|주요재건축단지,일부,6,,1,시보20241218_p364-437
용산구,한강로1가,2020-05-20,2021-05-19,지정,용산정비창|자연녹지,동전체,18,0.05,1,국토교통부공고제2020-657호(토지거래허가구역 지정)
용산구,한강로1가,2021-05-20,2022-05-19,불명,,,,,0,
용산구,한강로1가,2022-05-20,2025-12-31,지정,용산정비창,동전체,6,0.72,3,국토교통부공고제2022-532호(토지거래허가구역 재지정 공고)|국토교통부공고제2023-487호(토지거래허가구역 재지정 공고)|국토교통부공고제2024-703호(토지거래허가구역 조정 공고)
용산구,한강로2가,2020-05-20,2021-05-19,지정,용산정비창|자연녹지,동전체,18,0.04,1,국토교통부공고제2020-657호(토지거래허가구역 지정)
용산구,한강로2가,2021-05-20,2022-05-19,불명,,,,,0,
용산구,한강로2가,2022-05-20,2024-05-19,지정,용산정비창,동전체,6,0.04,2,국토교통부공고제2022-532호(토지거래허가구역 재지정 공고)|국토교통부공고제2023-487호(토지거래허가구역 재지정 공고)
용산구,한강로2가,2024-05-20,2025-09-30,불명,,,,,0,
용산구,한강로2가,2025-10-01,2026-12-31,지정,공공재개발|국제교류복합지구|신속통합기획|정비사업후보지|주요재건축단지,동전체,6,21.87,1,시보20250925_p151-164
용산구,한강로3가,2020-05-20,2021-05-19,지정,용산정비창|자연녹지,동전체,18,0.61,1,국토교통부공고제2020-657호(토지거래허가구역 지정)
용산구,한강로3가,2021-05-20,2022-05-19,불명,,,,,0,
용산구,한강로3가,2022-05-20,2026-12-31,지정,공공재개발|국제교류복합지구|신속통합기획|용산정비창|정비사업후보지|주요재건축단지,동전체,6,21.87,4,국토교통부공고제2022-532호(토지거래허가구역 재지정 공고)|국토교통부공고제2023-487호(토지거래허가구역 재지정 공고)|국토교통부공고제2024-703호(토지거래허가구역 조정 공고)|시보20250925_p151-
용산구,한남동,2025-10-01,2026-12-31,지정,공공재개발|국제교류복합지구|신속통합기획|정비사업후보지|주요재건축단지,동전체,6,21.87,1,시보20250925_p151-164
용산구,효창동,2025-03-24,2026-12-31,지정,공공재개발|국제교류복합지구|신속통합기획|정비사업후보지|주요재건축단지,동전체,6,21.87,2,시보20250319_p3-8|시보20250925_p151-164
용산구,후암동,2025-03-24,2026-12-31,지정,공공재개발|국제교류복합지구|신속통합기획|정비사업후보지|주요재건축단지,동전체,6,21.87,2,시보20250319_p3-8|시보20250925_p151-164
은평구,대조동,2024-09-10,2029-09-09,지정,모아타운|주요재건축단지,동전체,6,0.39,1,시보20240905_p3-79
은평구,불광동,2023-01-02,2024-01-03,지정,정비사업후보지|주요재건축단지,일부,,0.013004,2,시보20221223_p7-30|시보20221230_p179-233
은평구,불광동,2024-01-04,2024-09-09,불명,,,,,0,
은평구,불광동,2024-09-10,2029-09-09,지정,공공재개발|모아타운|신속통합기획|정비사업후보지|주요재건축단지,혼합,6,0.39,2,시보20240905_p3-79|시보20241218_p364-437
은평구,신사동,2023-01-04,2024-12-25,지정,신속통합기획|정비사업후보지|주요재건축단지,일부,6,,4,시보20221230_p179-233|시보20231220_p249-307
은평구,신사동,2024-12-26,2025-01-25,불명,,,,,0,
은평구,신사동,2025-01-26,2026-01-28,지정,공공재개발|신속통합기획|정비사업후보지|주요재건축단지,일부,6,,2,시보20241218_p364-437
은평구,역촌동,2026-08-18,2026-12-31,지정,신규주택공급후보지,동전체,60,12.66,1,국토교통부공고제2026-1079호(토지거래허가구역 지정 공고)
은평구,응암동,2023-01-04,2024-01-03,지정,정비사업후보지|주요재건축단지,일부,,,1,시보20221230_p179-233
은평구,진관동,2024-08-13,2024-12-31,지정,국제교류복합지구,동전체,60,15.21,1,시보20240808_p4-7
은평구,진관동,2025-01-01,2026-08-17,불명,,,,,0,
은평구,진관동,2026-08-18,2026-12-31,지정,신규주택공급후보지,동전체,60,12.66,1,국토교통부공고제2026-1079호(토지거래허가구역 지정 공고)
종로구,구기동,2024-09-10,2029-09-09,지정,모아타운|주요재건축단지,동전체,6,0.3,1,시보20240905_p3-79
종로구,숭인동,2021-04-04,2026-01-28,지정,공공재개발|신속통합기획|정비사업후보지|주요재건축단지,일부,18→6,0.043093,8,시보20210330_p16-33|시보20211228_p17-40|시보20220323_p91-108|시보20221223_p7-30|시보20230322_p181-205|시보20231220_p249-307|시보202403
종로구,신문로1가,2024-01-26,2026-01-28,지정,공공재개발|신속통합기획|정비사업후보지|주요재건축단지,일부,6,0.001248,2,시보20240118_p119-141|시보20241218_p364-437
종로구,연건동,2022-01-29,2023-01-28,지정,미분류,일부,18,0.014241,1,시보20220124_p7-53
종로구,옥인동,2026-08-18,2026-12-31,지정,신규주택공급후보지,동전체,60,8.41,1,국토교통부공고제2026-1079호(토지거래허가구역 지정 공고)
종로구,인동,2024-08-13,2024-12-31,지정,국제교류복합지구,동전체,60,8.33,1,시보20240808_p4-7
종로구,창신동,2022-01-02,2024-12-25,지정,신속통합기획|정비사업후보지|주요재건축단지,일부,18→6,0.041261,6,시보20211228_p17-40|시보20221223_p7-30|시보20221230_p179-233|시보20231220_p249-307
종로구,창신동,2024-12-26,2025-01-25,불명,,,,,0,
종로구,창신동,2025-01-26,2026-01-28,지정,공공재개발|신속통합기획|정비사업후보지|주요재건축단지,일부,6,,1,시보20241218_p364-437
종로구,청운동,2024-08-13,2024-12-31,지정,국제교류복합지구,동전체,60,8.33,1,시보20240808_p4-7
종로구,청운동,2025-01-01,2026-08-17,불명,,,,,0,
종로구,청운동,2026-08-18,2026-12-31,지정,신규주택공급후보지,동전체,60,8.41,1,국토교통부공고제2026-1079호(토지거래허가구역 지정 공고)
종로구,체부동,2022-01-29,2024-01-25,지정,공공재개발|미분류|신속통합기획,일부,18,0.043987,2,시보20220124_p7-53|시보20230118_p234-257
종로구,평창동,2024-08-13,2024-12-31,지정,국제교류복합지구,동전체,60,8.33,1,시보20240808_p4-7
종로구,평창동,2025-01-01,2026-08-17,불명,,,,,0,
종로구,평창동,2026-08-18,2026-12-31,지정,신규주택공급후보지,동전체,60,8.41,1,국토교통부공고제2026-1079호(토지거래허가구역 지정 공고)
종로구,행촌동,2023-01-04,2024-01-03,지정,정비사업후보지|주요재건축단지,일부,,,1,시보20221230_p179-233
종로구,홍지동,2026-08-18,2026-12-31,지정,신규주택공급후보지,동전체,60,8.41,1,국토교통부공고제2026-1079호(토지거래허가구역 지정 공고)
중구,신당동,2023-01-26,2029-09-09,지정,공공재개발|모아타운|신속통합기획|정비사업후보지|주요재건축단지,혼합,6,0.3,3,시보20230118_p234-257|시보20240118_p119-141|시보20240905_p3-79
중구,장충동2가,2022-01-29,2025-01-25,지정,공공재개발|미분류|신속통합기획|정비사업후보지,일부,18→6,0.040648,3,시보20220124_p7-53|시보20230118_p234-257|시보20240118_p119-141
중랑구,망우동,2022-01-29,2024-01-03,지정,미분류|정비사업후보지|주요재건축단지,일부,18,0.044802,2,시보20220124_p7-53|시보20221230_p179-233
중랑구,망우동,2024-01-04,2024-08-12,불명,,,,,0,
중랑구,망우동,2024-08-13,2029-09-09,지정,국제교류복합지구|모아타운|신규주택공급후보지|주요재건축단지,동전체,60→6→60,4.64,3,국토교통부공고제2026-1079호(토지거래허가구역 지정 공고)|시보20240808_p4-7|시보20240905_p3-79
중랑구,면목동,2022-01-29,2029-09-09,지정,공공재개발|국제교류복합지구|모아타운|미분류|신규주택공급후보지|신속통합기획|정비사업후보지|주요재건축단지,혼합,18→6→60→6→60,4.64,9,국토교통부공고제2026-1079호(토지거래허가구역 지정 공고)|시보20220124_p7-53|시보20221223_p7-30|시보20230118_p234-257|시보20240118_p119-141|시보20240808_
중랑구,묵동,2024-09-10,2029-09-09,지정,모아타운|주요재건축단지,동전체,6,1.66,1,시보20240905_p3-79
중랑구,상봉동,2024-09-10,2029-09-09,지정,모아타운|주요재건축단지,동전체,6,1.66,1,시보20240905_p3-79
중랑구,신내동,2024-08-13,2024-12-31,지정,국제교류복합지구,동전체,60,4.64,1,시보20240808_p4-7
중랑구,신내동,2025-01-01,2026-08-17,불명,,,,,0,
중랑구,신내동,2026-08-18,2026-12-31,지정,신규주택공급후보지,동전체,60,4.62,1,국토교통부공고제2026-1079호(토지거래허가구역 지정 공고)
중랑구,중화동,2021-04-04,2029-09-09,지정,공공재개발|모아타운|신속통합기획|정비사업후보지|주요재건축단지,혼합,18→6,1.66,6,시보20210330_p16-33|시보20220323_p91-108|시보20230322_p181-205|시보20240320_p339-342|시보20240329_p302-302|시보20240905_p3-79
