기관,공고번호,공고일,효력일,종료일,행위,서울자치구,주거지역기준_㎡초과,쪽수,파일
국토교통부,2020-1632,2020-12-16,2020-12-26,2021-12-25,재지정,,180,9,국토교통부공고제2020-1632호(토지거래허가구역 재지정).pdf
국토교통부,2020-657,2020-05-15,2020-05-20,2021-05-19,지정,용산구,18,38,국토교통부공고제2020-657호(토지거래허가구역 지정).pdf
국토교통부,2021-1805,2021-12-16,2021-12-26,2022-12-25,재지정,강서구,180,1,국토교통부공고제2021-1805호(토지거래허가구역  재지정 공고).pdf
국토교통부,2021-657,2021-04-30,,,재지정,강서구,180,8,국토교통부공고제2021-657호(토지거래허가구역 재지정 공고).pdf
국토교통부,2021-658,2021-04-30,2021-05-20,2022-05-19,재지정,용산구,18,2,국토교통부공고제2021-658호(토지거래허가구역 재지정 공고).pdf
국토교통부,2022-1566,2022-12-19,2022-12-26,2023-12-25,재지정,강서구,60,2,국토교통부공고제2022-1566호(토지거래허가구역 재지정 공고).pdf
국토교통부,2022-531,,,,조정,강서구,,298,국토교통부공고제2022-531호(토지거래허가구역 조정 공고).pdf
국토교통부,2022-532,2022-04-28,2022-05-20,2023-05-19,재지정,용산구,6,2,국토교통부공고제2022-532호(토지거래허가구역 재지정 공고).pdf
국토교통부,2023-1581,2023-12-18,2023-12-26,2024-12-25,조정,강서구,60,10,국토교통부공고제2023-1581호(토지거래허가구역 조정 공고).pdf
국토교통부,2023-486,2023-04-27,2023-05-13,2024-05-12,조정,강서구,60,8,국토교통부공고제2023-486호(토지거래허가구역 조정 공고).pdf
국토교통부,2023-487,2023-04-27,2023-05-20,2024-05-19,재지정,용산구,6,2,국토교통부공고제2023-487호(토지거래허가구역 재지정 공고).pdf
국토교통부,2024-1140,2024-08-08,2024-08-13,2024-12-31,지정,송파구,60,4,국토교통부공고제2024-1140호(토지거래허가구역 지정 공고).pdf
국토교통부,2024-1506,2024-11-05,2024-11-10,2029-11-09,해제,송파구,60,9,국토교통부공고제2024-1506호(토지거래허가구역 지정 및 해제 공고).pdf
국토교통부,2024-635,2024-04-26,2024-05-13,2025-12-31,재지정,강서구,60,8,국토교통부공고제2024-635호(토지거래허가구역 재지정 공고).pdf
국토교통부,2024-703,2024-05-10,2024-05-20,2025-12-31,조정,용산구,6,4,국토교통부공고제2024-703호(토지거래허가구역 조정 공고).pdf
국토교통부,2025-1058,2025-08-21,2025-08-26,2026-08-25,지정,중구,6,3,국토교통부공고제2025-1058호(토지거래허가구역 지정 공고).pdf
국토교통부,2025-1219,2025-10-15,2025-10-20,2026-12-31,지정,용산구|성동구|광진구|성북구|노원구|은평구|서대문구|강서구|구로구|동작구|관악구,6,4,국토교통부공고제2025-1219호(토지거래허가구역 지정 공고문).pdf
국토교통부,2025-1583,2025-12-26,2026-01-01,2026-12-31,재지정,용산구,6,2,국토교통부공고제2025-1583호(토지거래허가구역 재지정 공고문).pdf
국토교통부,2026-1079,2026-08-13,2026-08-18,2026-12-31,지정,종로구|광진구|중랑구|성북구|강북구|도봉구|노원구|은평구|서대문구|마포구|양천구|강서구|구로구|금천구|관악구|서초구|강남구|송파구|강동구,60,3,국토교통부공고제2026-1079호(토지거래허가구역 지정 공고).pdf
국토교통부,2026-1105,2026-08-20,2026-08-26,2027-08-25,재지정,,6,3,국토교통부공고제2026-1105호(토지거래허가구역 재지정 공고).pdf
서울특별시,2020-1832,2020-06-18,2020-06-23,2021-06-22,지정,강남구|송파구,18,3,시보2020호3590_p105-107.pdf
서울특별시,2021-1223,2021-04-22,2021-04-27,2022-04-26,지정,성동구|양천구|영등포구|강남구,18,5,시보20210422_p253-257.pdf
서울특별시,2021-156,2021-01-21,2021-01-26,2022-01-25,지정,종로구|동대문구|강북구|영등포구|동작구|관악구,18,9,시보20210121_p185-193.pdf
서울특별시,2021-1667,2021-06-10,,,지정,강남구|송파구,18,3,시보20210609_p356-358.pdf
서울특별시,2021-3211,2021-12-28,2022-01-02,2023-01-01,지정,종로구|용산구|성동구|동대문구|중랑구|성북구|강북구|도봉구|노원구|은평구|서대문구|마포구|양천구|강서구|구로구|금천구|영등포구|동작구|관악구|송파구|강동구,18,24,시보20211228_p17-40.pdf
서울특별시,2021-3211,2022-12-23,2023-01-02,2024-01-01,지정,종로구|용산구|성동구|동대문구|중랑구|성북구|강북구|도봉구|노원구|은평구|서대문구|마포구|양천구|강서구|구로구|금천구|영등포구|동작구|관악구|송파구|강동구,,24,시보20221223_p7-30.pdf
서울특별시,2021-984,2021-03-30,2021-04-04,2022-04-03,지정,성북구|영등포구,18,18,시보20210330_p16-33.pdf
서울특별시,2022-1166,2023-04-20,2023-04-27,2024-04-26,지정,,,5,시보20230419_p263-267.pdf
서울특별시,2022-1795,2022-06-17,2022-06-23,2023-06-22,지정,강남구|송파구,6,3,시보20220616_p3-5.pdf
서울특별시,2022-1795,2023-06-15,2023-06-23,2024-06-22,지정,강남구|송파구,,3,시보20230614_p532-534.pdf
서울특별시,2022-189,,,,지정,,,9,시보20220119_p146-154.pdf
서울특별시,2022-189,2023-01-19,2023-01-26,2024-01-25,지정,종로구|중구|동대문구|중랑구|강북구|마포구|양천구|구로구|영등포구|동작구|관악구|송파구|강동구,,24,시보20230118_p234-257.pdf
서울특별시,2022-226,2022-01-24,2022-01-29,2023-01-28,지정,종로구|중구|용산구|성동구|광진구|동대문구|중랑구|성북구|강북구|도봉구|은평구|마포구|양천구|구로구|영등포구|동작구|강남구|송파구|강동구,18,47,시보20220124_p7-53.pdf
서울특별시,2022-2455,2022-08-26,2022-08-31,2023-08-30,지정,종로구|용산구|성동구|동대문구|중랑구|성북구|강북구|도봉구|노원구|은평구|서대문구|마포구|양천구|구로구|금천구|영등포구|관악구|강남구|강동구,6,45,시보20220826_p38-82.pdf
서울특별시,2022-827,,,,지정,,,18,시보20220323_p91-108.pdf
서울특별시,2022-827,2023-03-23,2023-04-04,2024-04-03,지정,종로구|성동구|동대문구|중랑구|성북구|노원구|서대문구|양천구|영등포구|동작구|송파구|강동구,,25,시보20230322_p181-205.pdf
서울특별시,2023-3231,2023-11-16,,,지정,종로구|용산구|동대문구|중랑구|성북구|강북구|도봉구|노원구|은평구|서대문구|양천구|구로구|금천구|영등포구|동작구|관악구|강남구|송파구|강동구,6,6,시보20231116_p3-8.pdf
서울특별시,2023-3544,2023-12-21,2023-12-26,2024-12-25,지정,종로구|용산구|성동구|광진구|동대문구|중랑구|성북구|강북구|도봉구|은평구|서대문구|마포구|양천구|강서구|구로구|금천구|영등포구|동작구|관악구|강남구|송파구|강동구,6,59,시보20231220_p249-307.pdf
서울특별시,2024-11,2024-01-04,2024-01-02,2025-01-01,지정,구로구,6,3,시보20240103_p215-217.pdf
서울특별시,2024-1236,2024-04-18,2024-04-27,2025-04-26,지정,성동구|양천구|영등포구|강남구,6,5,시보20240418_p342-346.pdf
서울특별시,2024-1395,2024-05-09,2024-05-31,2025-05-30,지정,서초구|강남구,60,3,시보20240508_p315-317.pdf
서울특별시,2024-145,2024-01-18,2024-01-26,2025-01-25,지정,종로구|중구|동대문구|중랑구|강북구|마포구|양천구|구로구|영등포구|동작구|관악구|송파구|강동구,6,23,시보20240118_p119-141.pdf
서울특별시,2024-1658,2024-05-30,2024-06-04,2025-08-30,지정,동대문구|성북구|강북구|도봉구|양천구|관악구,6,9,시보20240529_p301-309.pdf
서울특별시,2024-1781,2024-06-13,2024-06-23,2025-06-22,지정,강남구|송파구,6,3,시보20240613_p3-5.pdf
서울특별시,2024-2175,2024-07-25,2024-06-04,2025-08-30,지정,양천구,6,3,시보20240724_p339-341.pdf
서울특별시,2024-2249,2024-08-01,2024-08-06,2025-08-30,지정,종로구|용산구|성동구|중랑구|도봉구|은평구|마포구|양천구|구로구|금천구|영등포구|서초구|강동구,6,22,시보20240731_p291-312.pdf
서울특별시,2024-2315,2024-08-08,2024-08-13,2024-12-31,지정,종로구|광진구|중랑구|성북구|강북구|도봉구|노원구|은평구|서대문구|마포구|양천구|강서구|구로구|금천구|관악구|서초구|강남구|강동구,60,4,시보20240808_p4-7.pdf
서울특별시,2024-2557,2024-09-05,2024-09-10,2029-09-09,지정,종로구|중구|용산구|성동구|광진구|동대문구|중랑구|성북구|강북구|도봉구|노원구|은평구|서대문구|마포구|양천구|강서구|구로구|금천구|동작구|관악구|송파구|강동구,6,77,시보20240905_p3-79.pdf
서울특별시,2024-2697,2024-09-26,2024-09-10,2029-09-09,지정,동대문구|성북구|양천구|강서구,6,8,시보20240925_p538-545.pdf
서울특별시,2024-2825,2024-10-17,2024-10-22,2025-12-25,지정,용산구|중랑구|관악구|송파구,6,8,시보20241017_p245-252.pdf
서울특별시,2024-3079,2024-11-14,2024-11-19,2025-12-25,지정,서대문구|동작구,6,3,시보20241114_p608-610.pdf
서울특별시,2024-3502,2024-12-19,2025-01-26,2026-01-28,지정,종로구|중구|용산구|성동구|광진구|동대문구|중랑구|성북구|강북구|도봉구|은평구|서대문구|마포구|양천구|강서구|구로구|금천구|영등포구|동작구|관악구|강남구|송파구|강동구,6,74,시보20241218_p364-437.pdf
서울특별시,2024-914,2024-03-21,2024-04-04,2025-04-03,지정,종로구|성동구|동대문구|중랑구|성북구|강북구|도봉구|노원구|서대문구|마포구|양천구|구로구|금천구|영등포구|동작구|관악구|송파구|강동구,6,4,시보20240320_p339-342.pdf
서울특별시,2024-972,2024-03-28,2024-04-04,2025-04-03,지정,중랑구,6,1,시보20240329_p302-302.pdf
서울특별시,2025-1138,2025-04-03,,,지정,금천구,6,2,시보20250403_p3-4.pdf
서울특별시,2025-1157,2025-04-10,2025-04-27,2026-04-26,지정,종로구|성동구|광진구|성북구|강북구|노원구|서대문구|마포구|양천구|영등포구|관악구|강남구,6,19,시보20250409_p451-469.pdf
서울특별시,2025-1497,2025-05-15,2025-05-31,2026-05-30,지정,서초구|강남구,60,3,시보20250514_p256-258.pdf
서울특별시,2025-1831,2025-06-12,,,지정,용산구|성북구|도봉구|은평구|양천구|금천구|영등포구|관악구|강남구|송파구,6,28,시보20250611_p206-233.pdf
서울특별시,2025-2530,2025-08-28,2025-09-02,2030-09-01,지정,종로구|중구|성동구|광진구|양천구|동작구|서초구|강동구,6,15,시보20250827_p1056-1070.pdf
서울특별시,2025-2774,2025-09-25,2025-10-01,2026-12-31,지정,용산구|강북구|도봉구|마포구|구로구|영등포구|동작구|서초구|강남구|송파구,6,14,시보20250925_p151-164.pdf
서울특별시,2025-3142,2025-11-06,2025-11-11,2027-01-28,지정,종로구|용산구|은평구|마포구|구로구|금천구,6,10,시보20251106_p1135-1144.pdf
서울특별시,2025-3548,2025-12-18,2025-12-26,2027-01-28,지정,종로구|중구|용산구|성동구|광진구|동대문구|중랑구|성북구|강북구|도봉구|은평구|서대문구|마포구|양천구|구로구|금천구|영등포구|동작구|관악구|강남구|송파구|강동구,6,79,시보20251217_p614-692.pdf
서울특별시,2025-399,2025-02-13,2025-02-18,2030-02-17,지정,광진구|동대문구|중랑구|성북구|강북구|서대문구|양천구|구로구|금천구|서초구,6,26,시보20250212_p403-428.pdf
서울특별시,2025-497,2025-02-13,,,지정,중구|중랑구|강북구|양천구|강서구|강남구|송파구|강동구,6,23,시보20250213_p3-25.pdf
서울특별시,2025-903,2025-03-14,2025-03-19,2026-04-03,지정,종로구|용산구|성동구|광진구|동대문구|중랑구|성북구|강북구|도봉구|노원구|은평구|서대문구|양천구|구로구|금천구|영등포구|동작구|관악구|송파구|강동구,6,49,시보20250314_p3-51.pdf
서울특별시,2025-953,2025-03-19,2025-03-24,2025-09-30,지정,용산구|서초구|강남구|송파구,6,6,시보20250319_p3-8.pdf
서울특별시,2026-1510,2026-05-14,2026-05-19,2031-05-18,지정,용산구|성동구|광진구|성북구|강북구|도봉구|은평구|서대문구|양천구|구로구|동작구|서초구|강남구|송파구|강동구,6,55,시보20260513_p313-367.pdf
서울특별시,2026-1910,2026-06-25,2026-06-30,2031-06-29,지정,용산구|광진구|동작구|관악구|서초구|송파구,6,8,시보20260624_p721-728.pdf
서울특별시,2026-2289,2026-08-06,2026-08-11,2031-08-10,지정,용산구|광진구|동대문구|중랑구|성북구|강북구|도봉구|은평구|서대문구|마포구|양천구|구로구|금천구|영등포구|동작구|관악구|서초구|강동구,6,71,시보20260805_p377-447.pdf
서울특별시,2026-456,2026-02-12,2026-02-17,2031-02-16,지정,종로구|성동구|중랑구|성북구|강북구|은평구|서대문구,6,14,시보20260211_p499-512.pdf
서울특별시,2026-5,2026-01-02,2026-01-07,2027-01-28,지정,성동구|성북구|강북구|은평구|마포구|구로구|금천구|영등포구,6,13,시보20251231_p134-146.pdf
서울특별시,2026-767,2026-03-12,2026-03-17,2027-04-03,지정,종로구|용산구|광진구|동대문구|중랑구|성북구|강북구|도봉구|노원구|은평구|서대문구|마포구|양천구|구로구|금천구|영등포구|동작구|관악구|송파구|강동구,6,52,시보20260316_p419-470.pdf
서울특별시,시보20210513_p131-133,,,,지정,,,3,시보20210513_p131-133.pdf
서울특별시,시보20220420_p356-360,,,,지정,,,5,시보20220420_p356-360.pdf
서울특별시,시보20220819_p25-31,,,,지정,,,7,시보20220819_p25-31.pdf
서울특별시,시보20221230_p179-233,2022-12-30,2023-01-04,2024-01-03,지정,종로구|용산구|성동구|광진구|동대문구|중랑구|성북구|강북구|도봉구|은평구|서대문구|마포구|양천구|구로구|금천구|영등포구|동작구|관악구|강남구|송파구,,55,시보20221230_p179-233.pdf
서울특별시,시보20230817_p12-52,2023-08-17,2023-08-22,2024-08-21,지정,종로구|용산구|중랑구|성북구|강북구|도봉구|노원구|은평구|서대문구|마포구|양천구|구로구|금천구|영등포구|서초구|강남구|강동구,,41,시보20230817_p12-52.pdf
서울특별시,시보20260408_p531-538,,,,지정,,,8,시보20260408_p531-538.pdf
