공고번호,공고일,시보발행,구분,행위,관련자치구,본문길이,파일
2026-2289,2026-08-06,20260805,주요재건축단지|신속통합기획|공공재개발|모아타운,재지정|지정|해제|조정,강동구|광진구|동작구|서초구|용산구,4957,시보20260805_p377-447.pdf
2026-1910,2026-06-25,20260624,신속통합기획|모아타운,지정|조정,광진구|동작구|서초구|송파구|용산구,1088,시보20260624_p721-728.pdf
2026-1510,2026-05-14,20260513,신속통합기획|공공재개발|모아타운|자연녹지,재지정|지정|조정,강남구|강동구|광진구|동작구|서초구|성동구|송파구|용산구,3450,시보20260513_p313-367.pdf
2026-767,2026-03-12,20260316,주요재건축단지|신속통합기획|공공재개발,재지정|지정|조정,강동구|광진구|동작구|송파구|용산구,2973,시보20260316_p419-470.pdf
2026-456,2026-02-12,20260211,주요재건축단지|신속통합기획|공공재개발|모아타운,지정|해제|조정,성동구,1626,시보20260211_p499-512.pdf
2026-5,2026-01-02,20251231,신속통합기획|공공재개발,지정|해제|조정,성동구,1727,시보20251231_p134-146.pdf
2025-3548,2025-12-18,20251217,주요재건축단지|신속통합기획|공공재개발|모아타운,재지정|지정|조정,강남구|강동구|광진구|동작구|성동구|송파구|용산구,6159,시보20251217_p614-692.pdf
2025-3142,2025-11-06,20251106,신속통합기획,지정|조정,용산구,1380,시보20251106_p1135-1144.pdf
2025-2774,2025-09-25,20250925,주요재건축단지|신속통합기획|공공재개발,재지정|지정|해제|조정,강남구|동작구|서초구|송파구|용산구,2081,시보20250925_p151-164.pdf
2024-3502,2025-08-28,20250827,신속통합기획|공공재개발|모아타운,지정|해제|조정,강동구|광진구|동작구|서초구|성동구,2020,시보20250827_p1056-1070.pdf
2025-2530,2025-08-27,20250827,,지정|해제|조정,,105,시보20250827_p1056-1070.pdf
2025-1831,2025-06-12,20250611,신속통합기획,재지정|지정|조정,강남구|성동구|송파구|용산구,2542,시보20250611_p206-233.pdf
2025-1497,2025-05-15,20250514,,재지정|지정,강남구|서초구,844,시보20250514_p256-258.pdf
2025-1157,2025-04-10,20250409,주요재건축단지|신속통합기획|모아타운,재지정|지정|조정,강남구|광진구|성동구,2143,시보20250409_p451-469.pdf
2025-903,2025-04-03,20250403,신속통합기획,재지정|지정|조정,,298,시보20250403_p3-4.pdf
2025-1138,2025-04-03,20250403,,,,65,시보20250403_p3-4.pdf
2025-903,2025-04-03,20250403,,지정,,403,시보20250403_p3-4.pdf
2025-953,2025-03-19,20250319,주요재건축단지,지정,강남구|서초구|송파구|용산구,1098,시보20250319_p3-8.pdf
2025-903,2025-03-14,20250314,신속통합기획|공공재개발,재지정|지정|조정,강동구|광진구|동작구|성동구|송파구|용산구,3824,시보20250314_p3-51.pdf
2025-497,2025-02-13,20250213,국제교류복합지구|주요재건축단지|신속통합기획,지정|해제|조정,강남구|강동구|송파구,2046,시보20250213_p3-25.pdf
2025-399,2025-02-13,20250212,주요재건축단지|신속통합기획|공공재개발|모아타운,지정|조정,광진구|서초구,2581,시보20250212_p403-428.pdf
2024-3502,2024-12-19,20241218,주요재건축단지|신속통합기획|공공재개발,재지정|지정|조정,강남구|강동구|광진구|동작구|성동구|송파구|용산구,6143,시보20241218_p364-437.pdf
2024-3079,2024-11-14,20241114,신속통합기획,지정,동작구,715,시보20241114_p608-610.pdf
2024-2825,2024-10-17,20241017,신속통합기획,지정|조정,송파구|용산구,1211,시보20241017_p245-252.pdf
2024-2557,2024-09-26,20240925,주요재건축단지,지정,,921,시보20240925_p538-545.pdf
2024-2697,2024-09-25,20240925,,,,65,시보20240925_p538-545.pdf
2024-2557,2024-09-05,20240905,주요재건축단지|모아타운,지정,강동구|광진구|동작구|성동구|송파구|용산구,2823,시보20240905_p3-79.pdf
2024-2316,2024-08-08,20240808,,조정,,75,시보20240808_p4-7.pdf
2024-2315,2024-08-08,20240808,주요재건축단지,지정,강남구|강동구|광진구|서초구,1207,시보20240808_p4-7.pdf
2024-2249,2024-08-01,20240731,주요재건축단지|신속통합기획|공공재개발,재지정|지정|해제|조정,강동구|서초구|성동구|용산구,2315,시보20240731_p291-312.pdf
2024-1658,2024-07-25,20240724,신속통합기획,재지정|지정,,618,시보20240724_p339-341.pdf
2024-2175,2024-07-24,20240724,,,,65,시보20240724_p339-341.pdf
2024-1781,2024-06-13,20240613,,재지정|지정,,80,시보20240613_p3-5.pdf
2023-3231,2024-06-13,20240613,,재지정|지정,강남구|송파구,627,시보20240613_p3-5.pdf
2024-1658,2024-05-30,20240529,신속통합기획|공공재개발,지정|조정,,954,시보20240529_p301-309.pdf
2024-1395,2024-05-09,20240508,,재지정|지정|조정,강남구|서초구,792,시보20240508_p315-317.pdf
2024-1236,2024-04-18,20240418,,재지정|지정,,80,시보20240418_p342-346.pdf
2024-972,2024-03-29,20240329,,,,64,시보20240329_p302-302.pdf
2024-914,2024-03-28,20240329,공공재개발,재지정|지정,,528,시보20240329_p302-302.pdf
2024-914,2024-03-21,20240320,신속통합기획|공공재개발,재지정|지정|조정,강동구|동작구|성동구|송파구,2208,시보20240320_p339-342.pdf
2024-145,2024-01-18,20240118,주요재건축단지|신속통합기획|공공재개발,재지정|지정|조정,강동구|동작구|송파구,2087,시보20240118_p119-141.pdf
2023-3544,2024-01-04,20240103,신속통합기획,재지정|지정,,637,시보20240103_p215-217.pdf
2024-11,2024-01-03,20240103,,,,63,시보20240103_p215-217.pdf
2023-3544,2023-12-21,20231220,주요재건축단지|신속통합기획,재지정|지정|조정,강남구|강동구|광진구|동작구|성동구|송파구|용산구,4670,시보20231220_p249-307.pdf
2023-3231,2023-11-16,20231116,주요재건축단지|신속통합기획|공공재개발,지정|해제|조정,강남구|강동구|동작구|송파구|용산구,2378,시보20231116_p3-8.pdf
미상,2023-08-17,20230817,주요재건축단지|신속통합기획|공공재개발,재지정|지정,강남구|강동구|서초구|용산구,3031,시보20230817_p12-52.pdf
2022-1795,2023-06-15,20230614,,재지정|지정,강남구|송파구,566,시보20230614_p532-534.pdf
2022-827,2023-03-23,20230322,공공재개발,재지정|지정,강동구|동작구|성동구|송파구,1521,시보20230322_p181-205.pdf
2022-189,2023-01-19,20230118,주요재건축단지|신속통합기획|공공재개발,재지정|지정,강동구|동작구|송파구,1701,시보20230118_p234-257.pdf
미상,2022-12-30,20221230,주요재건축단지,지정,강남구|광진구|동작구|성동구|송파구|용산구,4480,시보20221230_p179-233.pdf
2021-3211,2022-12-23,20221223,주요재건축단지,재지정|지정,강동구|동작구|성동구|송파구|용산구,2121,시보20221223_p7-30.pdf
2022-2455,2022-08-26,20220826,주요재건축단지|신속통합기획,지정|해제,강남구|강동구|성동구|용산구,1813,시보20220826_p38-82.pdf
2022-226,2022-08-26,20220826,주요재건축단지,지정,강남구|강동구|성동구|용산구,1284,시보20220826_p38-82.pdf
미상,2022-08-19,20220819,신속통합기획|공공재개발,지정,강동구|서초구|송파구,894,시보20220819_p25-31.pdf
2021-1667,2022-06-17,20220616,,재지정|지정,강남구|송파구,574,시보20220616_p3-5.pdf
2022-1795,2022-06-16,20220616,,재지정|지정,,82,시보20220616_p3-5.pdf
2021-984,2022-03-24,20220323,공공재개발,재지정|지정,강동구|동작구|성동구|송파구,1535,시보20220323_p91-108.pdf
2022-827,2022-03-23,20220323,,재지정|지정,,81,시보20220323_p91-108.pdf
2022-226,2022-01-24,20220124,주요재건축단지,지정,강남구|강동구|광진구|동작구|성동구|송파구|용산구,3150,시보20220124_p7-53.pdf
2021-156,2022-01-20,20220119,공공재개발,재지정|지정,동작구,737,시보20220119_p146-154.pdf
2022-189,2022-01-19,20220119,,재지정|지정,,81,시보20220119_p146-154.pdf
2021-3211,2021-12-28,20211228,주요재건축단지,지정,강동구|동작구|성동구|송파구|용산구,1844,시보20211228_p17-40.pdf
2020-1832,2021-06-23,20210609,,재지정|지정,강남구|송파구,513,시보20210609_p356-358.pdf
2021-1667,2021-06-10,20210609,,재지정|지정,강남구|송파구,179,시보20210609_p356-358.pdf
2018-1162,2021-05-31,20210513,,재지정|지정,강남구|서초구,688,시보20210513_p131-133.pdf
2021-1223,2021-04-22,20210422,주요재건축단지,지정,강남구|성동구,770,시보20210422_p253-257.pdf
2021-984,2021-03-30,20210330,공공재개발,지정,,1131,시보20210330_p16-33.pdf
2021-156,2021-01-21,20210121,공공재개발,지정,동작구,744,시보20210121_p185-193.pdf
2020-1832,2020-06-18,20200618,국제교류복합지구,지정,강남구|송파구,678,시보2020호3590_p105-107.pdf
