기관,파일,공고일,효력일,종료일,계열,행위,근거공고,지정지역_문장,동별면적,주거기준_㎡초과,텍스트길이
국토교통부,국토교통부공고제2026-1105호(토지거래허가구역 재지정 공고).pdf,2026-08-20,2026-08-26,2027-08-25,주요재건축단지|외국인,재지정,2026-1105|2025-1058,,,6,1589
국토교통부,국토교통부공고제2026-1079호(토지거래허가구역 지정 공고).pdf,2026-08-13,2026-08-18,2026-12-31,주요재건축단지,지정,2026-1079|2025-1219|2025-1058,,,60,2488
서울특별시,시보20260805_p377-447.pdf,2026-08-06,2026-08-11,2031-08-10,주요재건축단지|신속통합기획|공공재개발|모아타운,해제,2026-2289,,,6,4992
서울특별시,시보20260624_p721-728.pdf,2026-06-25,2026-06-30,2031-06-29,신속통합기획|모아타운,조정,2026-1910,,,6,1124
서울특별시,시보20260513_p313-367.pdf,2026-05-14,2026-05-19,2031-05-18,국제교류복합지구|신속통합기획|공공재개발|모아타운|자연녹지,조정,2026-1510,,,6,3486
서울특별시,시보20260316_p419-470.pdf,2026-03-12,2026-03-17,2027-04-03,주요재건축단지|신속통합기획|공공재개발,조정,2026-767,,,6,3009
서울특별시,시보20260211_p499-512.pdf,2026-02-12,2026-02-17,2031-02-16,주요재건축단지|신속통합기획|공공재개발|모아타운,해제,2026-456,,,6,1662
서울특별시,시보20251231_p134-146.pdf,2026-01-02,2026-01-07,2027-01-28,신속통합기획|공공재개발,해제,2026-5,,,6,1762
국토교통부,국토교통부공고제2025-1583호(토지거래허가구역 재지정 공고문).pdf,2025-12-26,2026-01-01,2026-12-31,용산정비창,재지정,2025-1583|2024-703,,,6,720
서울특별시,시보20251217_p614-692.pdf,2025-12-18,2025-12-26,2027-01-28,주요재건축단지|신속통합기획|공공재개발|모아타운,조정,2025-3548,,,6,6196
서울특별시,시보20251106_p1135-1144.pdf,2025-11-06,2025-11-11,2027-01-28,신속통합기획,조정,2025-3142,,,6,1417
국토교통부,국토교통부공고제2025-1219호(토지거래허가구역 지정 공고문).pdf,2025-10-15,2025-10-20,2026-12-31,미분류,지정,2025-1219,,,6,1805
서울특별시,시보20250925_p151-164.pdf,2025-09-25,2025-10-01,2026-12-31,국제교류복합지구|주요재건축단지|신속통합기획|공공재개발,해제,2025-2774,,,6,2117
서울특별시,시보20250827_p1056-1070.pdf,2025-08-28,2025-09-02,2030-09-01,신속통합기획|공공재개발|모아타운,해제,2025-2530|2024-3502,,,6,2162
국토교통부,국토교통부공고제2025-1058호(토지거래허가구역 지정 공고).pdf,2025-08-21,2025-08-26,2026-08-25,외국인,지정,2025-1058,,,6,1003
서울특별시,시보20250514_p256-258.pdf,2025-05-15,2025-05-31,2026-05-30,국제교류복합지구,재지정,2025-1497,,수서동:0.87|개포동:1.21|세곡동:1.16|율현동:0.53|자곡동:0.79|일원동:0.68|대치동:0.11|양재동:1.26|우면동:2.98|방배동:1.35|내곡동:6.20|신원동:2.12,60,880
서울특별시,시보20250409_p451-469.pdf,2025-04-10,2025-04-27,2026-04-26,주요재건축단지|신속통합기획|모아타운,조정,2025-1157,,,6,2179
서울특별시,시보20250319_p3-8.pdf,2025-03-19,2025-03-24,2025-09-30,국제교류복합지구|주요재건축단지,지정,2025-953,,,6,1136
서울특별시,시보20250403_p3-4.pdf,2025-04-03,2025-03-19,2026-04-03,신속통합기획,조정,2025-1138|2025-903|2025-903,,,6,807
서울특별시,시보20250314_p3-51.pdf,2025-03-14,2025-03-19,2026-04-03,신속통합기획|공공재개발,조정,2025-903,28개소,,6,3862
서울특별시,시보20250212_p403-428.pdf,2025-02-13,2025-02-18,2030-02-17,주요재건축단지|신속통합기획|공공재개발|모아타운,조정,2025-399,,,6,2617
서울특별시,시보20241218_p364-437.pdf,2024-12-19,2025-01-26,2026-01-28,주요재건축단지|신속통합기획|공공재개발,조정,2024-3502,67개소,,6,6180
서울특별시,시보20241114_p608-610.pdf,2024-11-14,2024-11-19,2025-12-25,신속통합기획,지정,2024-3079,,,6,752
국토교통부,국토교통부공고제2024-1506호(토지거래허가구역 지정 및 해제 공고).pdf,2024-11-05,2024-11-10,2029-11-09,자연녹지,해제,2024-1506|2024-1140,,,60,1160
서울특별시,시보20241017_p245-252.pdf,2024-10-17,2024-10-22,2025-12-25,신속통합기획,조정,2024-2825,,,6,1248
서울특별시,시보20240925_p538-545.pdf,2024-09-26,2024-09-10,2029-09-09,주요재건축단지,지정,2024-2697|2024-2557,지목「도로」한정,,6,1026
서울특별시,시보20240905_p3-79.pdf,2024-09-05,2024-09-10,2029-09-09,주요재건축단지|모아타운,지정,2024-2557,,,6,2864
국토교통부,국토교통부공고제2024-1140호(토지거래허가구역 지정 공고).pdf,2024-08-08,2024-08-13,2024-12-31,미분류,지정,2024-1140,,,60,828
서울특별시,시보20240808_p4-7.pdf,2024-08-08,2024-08-13,2024-12-31,국제교류복합지구|주요재건축단지,지정,2024-2315|2024-2316|2024-1395,,,60,1796
서울특별시,시보20240731_p291-312.pdf,2024-08-01,2024-08-06,2025-08-30,주요재건축단지|신속통합기획|공공재개발,조정,2024-2249,2개소(0.14㎢),,6,2350
서울특별시,시보20240613_p3-5.pdf,2024-06-13,2024-06-23,2025-06-22,국제교류복합지구,재지정,2024-1781|2023-3231,"서울특별시 강남구, 송파구 일원 14.4㎢",청담동:2.3|삼성동:3.2|대치동:3.7|잠실동:5.2,6,749
서울특별시,시보20240724_p339-341.pdf,2024-07-25,2024-06-04,2025-08-30,신속통합기획,재지정,2024-2175|2024-1658,신속통합기획(재개발) 후보지,,6,719
서울특별시,시보20240529_p301-309.pdf,2024-05-30,2024-06-04,2025-08-30,신속통합기획|공공재개발,조정,2024-1658,6개소(0.30㎢),,6,990
서울특별시,시보20240508_p315-317.pdf,2024-05-09,2024-05-31,2025-05-30,국제교류복합지구,조정,2024-1395,,수서동:1.07|개포동:1.21|세곡동:1.16|율현동:0.54|자곡동:1.25|일원동:0.68|대치동:0.11|양재동:1.26|우면동:2.94|방배동:1.35|내곡동:6.2|신원동:2.09,60,827
국토교통부,국토교통부공고제2024-703호(토지거래허가구역 조정 공고).pdf,2024-05-10,2024-05-20,2025-12-31,용산정비창,해제,2024-703|2023-487,,,6,971
국토교통부,국토교통부공고제2024-635호(토지거래허가구역 재지정 공고).pdf,2024-04-26,2024-05-13,2025-12-31,미분류,해제,2024-635|2023-486,,,60,1275
서울특별시,시보20240418_p342-346.pdf,2024-04-18,2024-04-27,2025-04-26,주요재건축단지,재지정,2024-1236|2023-1185,"주요 재건축 단지등 4,578,039㎡",,6,743
서울특별시,시보20240329_p302-302.pdf,2024-03-28,2024-04-04,2025-04-03,공공재개발,재지정,2024-972|2024-914,공공재개발 후보지,,6,628
서울특별시,시보20240320_p339-342.pdf,2024-03-21,2024-04-04,2025-04-03,신속통합기획|공공재개발,조정,2024-914,7개소(0.60㎢),,6,2244
서울특별시,시보20240118_p119-141.pdf,2024-01-18,2024-01-26,2025-01-25,주요재건축단지|신속통합기획|공공재개발,조정,2024-145,19개소(0.94㎢),,6,2131
서울특별시,시보20240103_p215-217.pdf,2024-01-04,2024-01-02,2025-01-01,신속통합기획,재지정,2024-11|2023-3544,신속통합기획(재개발) 선정지,,6,735
서울특별시,시보20231220_p249-307.pdf,2023-12-21,2023-12-26,2024-12-25,주요재건축단지|신속통합기획,조정,2023-3544,4개소(0.20㎢),,6,4707
국토교통부,국토교통부공고제2023-1581호(토지거래허가구역 조정 공고).pdf,2023-12-18,2023-12-26,2024-12-25,미분류,해제,2023-1581|2022-1566,,,60,1386
서울특별시,시보20230817_p12-52.pdf,2023-08-17,2023-08-22,2024-08-21,주요재건축단지|신속통합기획|공공재개발,재지정,,5개소,,,3031
서울특별시,시보20230614_p532-534.pdf,2023-06-15,2023-06-23,2024-06-22,국제교류복합지구,재지정,2022-1795,"서울특별시 강남구, 송파구 일원 14.4㎢",잠실동:5.2,,671
국토교통부,국토교통부공고제2023-487호(토지거래허가구역 재지정 공고).pdf,2023-04-27,2023-05-20,2024-05-19,용산정비창,재지정,2023-487|2022-532,,,6,596
국토교통부,국토교통부공고제2023-486호(토지거래허가구역 조정 공고).pdf,2023-04-27,2023-05-13,2024-05-12,미분류,조정,2023-486|2022-531,,,60,931
서울특별시,시보20230419_p263-267.pdf,2023-04-20,2023-04-27,2024-04-26,주요재건축단지,재지정,2022-1166,"주요 재건축 단지등 4,578,039㎡",,,709
서울특별시,시보20230322_p181-205.pdf,2023-03-23,2023-04-04,2024-04-03,신속통합기획|공공재개발,지정,2022-827,"- 신속통합기획(재개발사업) 선정지 확대 지역 452,922.5㎡",,,2660
서울특별시,시보20230118_p234-257.pdf,2023-01-19,2023-01-26,2024-01-25,주요재건축단지|신속통합기획|공공재개발,재지정,2022-189,,,,1807
서울특별시,시보20221230_p179-233.pdf,2022-12-30,2023-01-04,2024-01-03,주요재건축단지,지정,,,,,4480
서울특별시,시보20221223_p7-30.pdf,2022-12-23,2023-01-02,2024-01-01,주요재건축단지,재지정,2021-3211,,,,2233
국토교통부,국토교통부공고제2022-1566호(토지거래허가구역 재지정 공고).pdf,2022-12-19,2022-12-26,2023-12-25,미분류,재지정,2022-1566|2021-1805,,,60,755
서울특별시,시보20220826_p38-82.pdf,2022-08-26,2022-08-31,2023-08-30,주요재건축단지|신속통합기획,해제,2022-2455|2022-226,42개 구역,,6,3136
서울특별시,시보20220819_p25-31.pdf,2022-08-19,2022-08-24,2023-08-23,신속통합기획|공공재개발,지정,,"강동구 천호3-3구역 등 3개 구역(148,614.1农)",,,894
서울특별시,시보20220616_p3-5.pdf,2022-06-17,2022-06-23,2023-06-22,국제교류복합지구,재지정,2022-1795|2021-1667,"서울특별시 강남구, 송파구 일원 14.4㎢",청담동:2.3|삼성동:3.2|대치동:3.7|잠실동:5.2,6,690
국토교통부,국토교통부공고제2022-532호(토지거래허가구역 재지정 공고).pdf,2022-04-28,2022-05-20,2023-05-19,용산정비창,재지정,2022-532|2021-658,,,6,574
서울특별시,시보20220420_p356-360.pdf,2022-04-21,2022-04-27,2023-04-26,주요재건축단지,재지정,2021-1223,"주요 재건축 단지등 4,578,039农",,,709
서울특별시,시보20220323_p91-108.pdf,2022-03-24,2022-04-04,2023-04-03,공공재개발,재지정,2022-827|2021-984,"공공재개발 후보지 904,270农",,,1646
서울특별시,시보20220124_p7-53.pdf,2022-01-24,2022-01-29,2023-01-28,주요재건축단지,지정,2022-226,,,18,3827
서울특별시,시보20220119_p146-154.pdf,2022-01-20,2022-01-26,2023-01-25,공공재개발,재지정,2022-189|2021-156,,,,848
서울특별시,시보20211228_p17-40.pdf,2021-12-28,2022-01-02,2023-01-01,주요재건축단지,지정,2021-3211,,,18,2346
국토교통부,국토교통부공고제2021-1805호(토지거래허가구역  재지정 공고).pdf,2021-12-16,2021-12-26,2022-12-25,미분류,재지정,2021-1805|2020-632,,,180,746
서울특별시,시보20210609_p356-358.pdf,2021-06-10,2021-06-23,2022-06-22,국제교류복합지구,재지정,2021-1667|2020-1832,"서울특별시 강남구, 송파구 일원 14.4㎢",청담동:2.3|삼성동:3.2|대치동:3.7|잠실동:5.2,18,728
서울특별시,시보20210513_p131-133.pdf,2021-05-13,2021-05-31,2024-05-30,국제교류복합지구,재지정,2018-1162,"서울특별시 강남구, 서초구 일원 27.29冝",,,893
국토교통부,국토교통부공고제2021-658호(토지거래허가구역 재지정 공고).pdf,2021-04-30,2021-05-20,2022-05-19,미분류,재지정,2021-658,,,18,624
서울특별시,시보20210422_p253-257.pdf,2021-04-22,2021-04-27,2022-04-26,주요재건축단지,지정,2021-1223,"주요 재건축 단지등 4,578,039㎡",,18,806
서울특별시,시보20210330_p16-33.pdf,2021-03-30,2021-04-04,2022-04-03,공공재개발,지정,2021-984,"공공재개발 후보지 904,270㎡",,18,1603
서울특별시,시보20210121_p185-193.pdf,2021-01-21,2021-01-26,2022-01-25,공공재개발,지정,2021-156,"공공재개발 후보지 129,979㎡",,18,780
국토교통부,국토교통부공고제2020-1632호(토지거래허가구역 재지정).pdf,2020-12-16,2020-12-26,2021-12-25,미분류,재지정,2020-1632|2018-1738|2020-35,,,180,2752
서울특별시,시보2020호3590_p105-107.pdf,2020-06-18,2020-06-23,2021-06-22,국제교류복합지구,지정,2020-1832,"서울특별시 송파구, 강남구 일원 14.4㎢",청담동:2.3|삼성동:3.2|대치동:3.7|잠실동:5.2,18,714
국토교통부,국토교통부공고제2020-657호(토지거래허가구역 지정).pdf,2020-05-15,2020-05-20,2021-05-19,자연녹지|용산정비창,지정,2020-657,,,18,71177
서울특별시,시보20250611_p206-233.pdf,2025-06-12,,,국제교류복합지구|신속통합기획,조정,2025-1831,,,6,2578
서울특별시,시보20250213_p3-25.pdf,2025-02-13,,,국제교류복합지구|주요재건축단지|신속통합기획,해제,2025-497,,,6,2088
서울특별시,시보20231116_p3-8.pdf,2023-11-16,,,국제교류복합지구|주요재건축단지|신속통합기획|공공재개발,해제,2023-3231,,청담동:2.3|삼성동:3.2|대치동:3.7|잠실동:5.2,6,2421
국토교통부,국토교통부공고제2021-657호(토지거래허가구역 재지정 공고).pdf,2021-04-30,,,미분류,재지정,2021-657,,,180,892
국토교통부,국토교통부공고제2022-531호(토지거래허가구역 조정 공고).pdf,,,,자연녹지,해제,2022-531|2022-531,,,,643983
서울특별시,서울시2020-1832_국제교류복합지구_지정.pdf,,,,국제교류복합지구,지정,,서울특별시 송파구,,,682
서울특별시,서울시2025-0497_조정공고_부분해제.pdf,,,,국제교류복합지구|주요재건축단지|신속통합기획,해제,,,,,2291
서울특별시,시보20260408_p531-538.pdf,,,,미분류,,,,,,0
