파일명,시작쪽,끝쪽
seoulsibo_20260805144233_10330.pdf,377,447
seoulsibo_20260624163152_83531.pdf,721,728
seoulsibo_20260513152445_75058.pdf,313,367
seoulsibo_20260408173138_09392.pdf,531,538
seoulsibo_20260316144825_65120.pdf,419,470
seoulsibo_20260211165443_06747.pdf,499,512
seoulsibo_20251231133228_42449.pdf,134,146
seoulsibo_20251217162958_75587.pdf,614,692
seoulsibo_20251106110505_26298.pdf,1135,1144
seoulsibo_20250925101004_82404.pdf,151,164
seoulsibo_20250827172207_13584.pdf,1056,1070
seoulsibo_20250611164843_09913.pdf,206,233
seoulsibo_20250514155530_68147.pdf,256,258
seoulsibo_20250409161549_85396.pdf,451,469
seoulsibo_20250403140004_44132.pdf,3,4
seoulsibo_20250319112932_99283.pdf,3,8
seoulsibo_20250314154836_47450.pdf,3,51
seoulsibo_20250213092648_24250.pdf,3,25
seoulsibo_20250212180938_92680.pdf,403,428
seoulsibo_20241218173628_62861.pdf,364,437
seoulsibo_20241114100408_40506.pdf,608,610
seoulsibo_20241017085543_69127.pdf,245,252
seoulsibo_20240925172334_18830.pdf,538,545
seoulsibo_20240905164254_30517.pdf,3,79
seoulsibo_20240808105620_80629.pdf,4,7
seoulsibo_20240731171305_80435.pdf,291,312
seoulsibo_20240724162058_07613.pdf,339,341
seoulsibo_20240613132458_86210.pdf,3,5
seoulsibo_20240529145952_76198.pdf,301,309
seoulsibo_20240508132129_68566.pdf,315,317
seoulsibo_20240418094838_91648.pdf,342,346
seoulsibo_20240329164327_34379.pdf,302,302
seoulsibo_20240320153203_94270.pdf,339,342
seoulsibo_20240118091313_02064.pdf,119,141
seoulsibo_20240103165024_45790.pdf,215,217
seoulsibo_20231220170011_03427.pdf,249,307
seoulsibo_20231116103717_59292.pdf,3,8
seoulsibo_20230817172705_01131.pdf,12,52
seoulsibo_20230614144048_34480.pdf,532,534
seoulsibo_20230419162129_13044.pdf,263,267
seoulsibo_20230322182519_66908.pdf,181,205
seoulsibo_20230118183831_00867.pdf,234,257
seoulsibo_20221230114419_77197.pdf,179,233
seoulsibo_20221223153826_65447.pdf,7,30
seoulsibo_20220826105704_96632.pdf,38,82
seoulsibo_20220819105115_90587.pdf,25,31
seoulsibo_20220616150250_17630.pdf,3,5
seoulsibo_20220420173742_29131.pdf,356,360
seoulsibo_20220323163829_38614.pdf,91,108
seoulsibo_20220124132951_18620.pdf,7,53
seoulsibo_20220119175304_48763.pdf,146,154
seoulsibo_20211228133806_63833.pdf,17,40
seoulsibo_20210609155149_75664.pdf,356,358
seoulsibo_20210513111706_27522.pdf,131,133
seoulsibo_20210422130028_90743.pdf,253,257
seoulsibo_20210330132428_93418.pdf,16,33
seoulsibo_20210121094739_13568.pdf,185,193
2020-제3590호-pdf.pdf,105,107
